order_customer_id,order_date,order_id,order_status
2221,2013-07-25 00:00:00,1,CLOSED
11996,2013-07-26 00:00:00,2,PENDING_PAYMENT
3231,2013-07-27 00:00:00,3,PROCESSING
12696,2013-07-28 00:00:00,4,PAYMENT_REVIEW
9297,2013-07-29 00:00:00,5,CLOSED
9839,2013-07-30 00:00:00,6,COMPLETE
2781,2013-07-31 00:00:00,7,CLOSED
2611,2013-08-01 00:00:00,8,COMPLETE
3079,2013-08-02 00:00:00,9,CLOSED
14859,2013-08-03 00:00:00,10,PROCESSING
3902,2013-08-04 00:00:00,11,CLOSED
12628,2013-08-05 00:00:00,12,PENDING_PAYMENT
3166,2013-08-06 00:00:00,13,PAYMENT_REVIEW
12469,2013-08-07 00:00:00,14,COMPLETE
8203,2013-08-08 00:00:00,15,COMPLETE
1867,2013-08-09 00:00:00,16,PENDING_PAYMENT
8207,2013-08-10 00:00:00,17,PAYMENT_REVIEW
2711,2013-08-11 00:00:00,18,COMPLETE
13662,2013-08-12 00:00:00,19,COMPLETE
2687,2013-08-13 00:00:00,20,CLOSED
10485,2013-08-14 00:00:00,21,PROCESSING
1117,2013-08-15 00:00:00,22,PENDING_PAYMENT
12439,2013-08-16 00:00:00,23,PAYMENT_REVIEW
327,2013-08-17 00:00:00,24,PENDING_PAYMENT
12456,2013-08-18 00:00:00,25,CLOSED
6263,2013-08-19 00:00:00,26,PAYMENT_REVIEW
5495,2013-08-20 00:00:00,27,PAYMENT_REVIEW
11632,2013-08-21 00:00:00,28,COMPLETE
12708,2013-08-22 00:00:00,29,COMPLETE
9972,2013-08-23 00:00:00,30,PROCESSING
2400,2013-08-24 00:00:00,31,PAYMENT_REVIEW
1144,2013-08-25 00:00:00,32,CLOSED
2075,2013-08-26 00:00:00,33,PROCESSING
4819,2013-08-27 00:00:00,34,COMPLETE
10107,2013-08-28 00:00:00,35,PAYMENT_REVIEW
11602,2013-08-29 00:00:00,36,PROCESSING
13806,2013-08-30 00:00:00,37,PENDING_PAYMENT
14669,2013-08-31 00:00:00,38,PENDING_PAYMENT
2841,2013-09-01 00:00:00,39,PAYMENT_REVIEW
9116,2013-09-02 00:00:00,40,PENDING_PAYMENT
7313,2013-09-03 00:00:00,41,PENDING_PAYMENT
13039,2013-09-04 00:00:00,42,PROCESSING
8803,2013-09-05 00:00:00,43,COMPLETE
13774,2013-09-06 00:00:00,44,CLOSED
4216,2013-09-07 00:00:00,45,PROCESSING
589,2013-09-08 00:00:00,46,PENDING_PAYMENT
1567,2013-09-09 00:00:00,47,PAYMENT_REVIEW
4314,2013-09-10 00:00:00,48,PAYMENT_REVIEW
5844,2013-09-11 00:00:00,49,PAYMENT_REVIEW
8674,2013-09-12 00:00:00,50,PENDING_PAYMENT
8353,2013-09-13 00:00:00,51,CLOSED
10909,2013-09-14 00:00:00,52,PROCESSING
279,2013-09-15 00:00:00,53,COMPLETE
11738,2013-09-16 00:00:00,54,PENDING_PAYMENT
2302,2013-09-17 00:00:00,55,COMPLETE
2909,2013-09-18 00:00:00,56,COMPLETE
3314,2013-09-19 00:00:00,57,CLOSED
3443,2013-09-20 00:00:00,58,PENDING_PAYMENT
4595,2013-09-21 00:00:00,59,PENDING_PAYMENT
12896,2013-09-22 00:00:00,60,PAYMENT_REVIEW
9682,2013-09-23 00:00:00,61,PENDING_PAYMENT
953,2013-09-24 00:00:00,62,PENDING_PAYMENT
7121,2013-09-25 00:00:00,63,COMPLETE
10999,2013-09-26 00:00:00,64,PROCESSING
9218,2013-09-27 00:00:00,65,COMPLETE
7860,2013-09-28 00:00:00,66,COMPLETE
511,2013-09-29 00:00:00,67,COMPLETE
12521,2013-09-30 00:00:00,68,PAYMENT_REVIEW
7251,2013-10-01 00:00:00,69,PROCESSING
13425,2013-10-02 00:00:00,70,COMPLETE
6678,2013-10-03 00:00:00,71,COMPLETE
2658,2013-10-04 00:00:00,72,PENDING_PAYMENT
7026,2013-10-05 00:00:00,73,CLOSED
7839,2013-10-06 00:00:00,74,COMPLETE
8908,2013-10-07 00:00:00,75,PAYMENT_REVIEW
8926,2013-10-08 00:00:00,76,CLOSED
10185,2013-10-09 00:00:00,77,PAYMENT_REVIEW
11549,2013-10-10 00:00:00,78,COMPLETE
10177,2013-10-11 00:00:00,79,PENDING_PAYMENT
11471,2013-10-12 00:00:00,80,CLOSED
7261,2013-10-13 00:00:00,81,PAYMENT_REVIEW
8092,2013-10-14 00:00:00,82,CLOSED
13684,2013-10-15 00:00:00,83,PROCESSING
1217,2013-10-16 00:00:00,84,PAYMENT_REVIEW
5928,2013-10-17 00:00:00,85,CLOSED
14105,2013-10-18 00:00:00,86,PROCESSING
7285,2013-10-19 00:00:00,87,COMPLETE
1842,2013-10-20 00:00:00,88,CLOSED
11670,2013-10-21 00:00:00,89,PROCESSING
4167,2013-10-22 00:00:00,90,PROCESSING
6652,2013-10-23 00:00:00,91,PENDING_PAYMENT
600,2013-10-24 00:00:00,92,PAYMENT_REVIEW
11078,2013-10-25 00:00:00,93,COMPLETE
12607,2013-10-26 00:00:00,94,PROCESSING
908,2013-10-27 00:00:00,95,COMPLETE
12841,2013-10-28 00:00:00,96,PENDING_PAYMENT
4454,2013-10-29 00:00:00,97,PAYMENT_REVIEW
9690,2013-10-30 00:00:00,98,PROCESSING
12719,2013-10-31 00:00:00,99,COMPLETE
2498,2013-11-01 00:00:00,100,CLOSED
7286,2013-11-02 00:00:00,101,PAYMENT_REVIEW
8001,2013-11-03 00:00:00,102,COMPLETE
6640,2013-11-04 00:00:00,103,PAYMENT_REVIEW
3694,2013-11-05 00:00:00,104,PROCESSING
1611,2013-11-06 00:00:00,105,PENDING_PAYMENT
9630,2013-11-07 00:00:00,106,COMPLETE
10833,2013-11-08 00:00:00,107,PROCESSING
8814,2013-11-09 00:00:00,108,CLOSED
1633,2013-11-10 00:00:00,109,PAYMENT_REVIEW
9894,2013-11-11 00:00:00,110,CLOSED
13696,2013-11-12 00:00:00,111,CLOSED
11352,2013-11-13 00:00:00,112,CLOSED
14007,2013-11-14 00:00:00,113,PROCESSING
8815,2013-11-15 00:00:00,114,CLOSED
6410,2013-11-16 00:00:00,115,PROCESSING
3593,2013-11-17 00:00:00,116,PROCESSING
5808,2013-11-18 00:00:00,117,PROCESSING
7410,2013-11-19 00:00:00,118,PAYMENT_REVIEW
8963,2013-11-20 00:00:00,119,CLOSED
10567,2013-11-21 00:00:00,120,CLOSED
6319,2013-11-22 00:00:00,121,CLOSED
10522,2013-11-23 00:00:00,122,PROCESSING
9382,2013-11-24 00:00:00,123,PROCESSING
12469,2013-11-25 00:00:00,124,PENDING_PAYMENT
14482,2013-11-26 00:00:00,125,PENDING_PAYMENT
13711,2013-11-27 00:00:00,126,PAYMENT_REVIEW
10010,2013-11-28 00:00:00,127,CLOSED
2133,2013-11-29 00:00:00,128,PAYMENT_REVIEW
11626,2013-11-30 00:00:00,129,PAYMENT_REVIEW
7539,2013-12-01 00:00:00,130,CLOSED
6932,2013-12-02 00:00:00,131,COMPLETE
1539,2013-12-03 00:00:00,132,PROCESSING
9062,2013-12-04 00:00:00,133,PENDING_PAYMENT
14493,2013-12-05 00:00:00,134,PROCESSING
3483,2013-12-06 00:00:00,135,CLOSED
2442,2013-12-07 00:00:00,136,COMPLETE
14071,2013-12-08 00:00:00,137,CLOSED
13445,2013-12-09 00:00:00,138,CLOSED
1923,2013-12-10 00:00:00,139,PAYMENT_REVIEW
3656,2013-12-11 00:00:00,140,CLOSED
12134,2013-12-12 00:00:00,141,PAYMENT_REVIEW
13062,2013-12-13 00:00:00,142,PAYMENT_REVIEW
711,2013-12-14 00:00:00,143,PENDING_PAYMENT
870,2013-12-15 00:00:00,144,COMPLETE
14239,2013-12-16 00:00:00,145,CLOSED
2465,2013-12-17 00:00:00,146,PROCESSING
8222,2013-12-18 00:00:00,147,COMPLETE
4425,2013-12-19 00:00:00,148,PENDING_PAYMENT
9223,2013-12-20 00:00:00,149,CLOSED
8650,2013-12-21 00:00:00,150,PROCESSING
8664,2013-12-22 00:00:00,151,PAYMENT_REVIEW
12870,2013-12-23 00:00:00,152,PENDING_PAYMENT
11145,2013-12-24 00:00:00,153,COMPLETE
5722,2013-12-25 00:00:00,154,COMPLETE
456,2013-12-26 00:00:00,155,PAYMENT_REVIEW
428,2013-12-27 00:00:00,156,PAYMENT_REVIEW
2535,2013-12-28 00:00:00,157,PROCESSING
13500,2013-12-29 00:00:00,158,COMPLETE
10552,2013-12-30 00:00:00,159,COMPLETE
12349,2013-12-31 00:00:00,160,PENDING_PAYMENT
11432,2014-01-01 00:00:00,161,CLOSED
2294,2014-01-02 00:00:00,162,COMPLETE
685,2014-01-03 00:00:00,163,CLOSED
5089,2014-01-04 00:00:00,164,CLOSED
2529,2014-01-05 00:00:00,165,PAYMENT_REVIEW
2351,2014-01-06 00:00:00,166,PROCESSING
1469,2014-01-07 00:00:00,167,COMPLETE
10387,2014-01-08 00:00:00,168,PENDING_PAYMENT
21,2014-01-09 00:00:00,169,PENDING_PAYMENT
2621,2014-01-10 00:00:00,170,PROCESSING
9841,2014-01-11 00:00:00,171,PENDING_PAYMENT
10955,2014-01-12 00:00:00,172,PAYMENT_REVIEW
13333,2014-01-13 00:00:00,173,PENDING_PAYMENT
8484,2014-01-14 00:00:00,174,PENDING_PAYMENT
128,2014-01-15 00:00:00,175,COMPLETE
12638,2014-01-16 00:00:00,176,CLOSED
12566,2014-01-17 00:00:00,177,PAYMENT_REVIEW
5371,2014-01-18 00:00:00,178,CLOSED
10040,2014-01-19 00:00:00,179,COMPLETE
4273,2014-01-20 00:00:00,180,COMPLETE
13800,2014-01-21 00:00:00,181,PAYMENT_REVIEW
12501,2014-01-22 00:00:00,182,PAYMENT_REVIEW
6595,2014-01-23 00:00:00,183,COMPLETE
14011,2014-01-24 00:00:00,184,COMPLETE
534,2014-01-25 00:00:00,185,PROCESSING
4165,2014-01-26 00:00:00,186,PAYMENT_REVIEW
9163,2014-01-27 00:00:00,187,COMPLETE
5911,2014-01-28 00:00:00,188,CLOSED
7188,2014-01-29 00:00:00,189,COMPLETE
328,2014-01-30 00:00:00,190,COMPLETE
10288,2014-01-31 00:00:00,191,PENDING_PAYMENT
9902,2014-02-01 00:00:00,192,PAYMENT_REVIEW
1680,2014-02-02 00:00:00,193,PENDING_PAYMENT
3923,2014-02-03 00:00:00,194,PAYMENT_REVIEW
8535,2014-02-04 00:00:00,195,PAYMENT_REVIEW
11734,2014-02-05 00:00:00,196,CLOSED
1989,2014-02-06 00:00:00,197,PAYMENT_REVIEW
7934,2014-02-07 00:00:00,198,CLOSED
2326,2014-02-08 00:00:00,199,PAYMENT_REVIEW
7724,2014-02-09 00:00:00,200,PENDING_PAYMENT
11516,2014-02-10 00:00:00,201,PROCESSING
346,2014-02-11 00:00:00,202,CLOSED
414,2014-02-12 00:00:00,203,PAYMENT_REVIEW
9125,2014-02-13 00:00:00,204,PAYMENT_REVIEW
5090,2014-02-14 00:00:00,205,PENDING_PAYMENT
11456,2014-02-15 00:00:00,206,PROCESSING
13029,2014-02-16 00:00:00,207,COMPLETE
14143,2014-02-17 00:00:00,208,PROCESSING
7093,2014-02-18 00:00:00,209,CLOSED
7444,2014-02-19 00:00:00,210,COMPLETE
10740,2014-02-20 00:00:00,211,PENDING_PAYMENT
2787,2014-02-21 00:00:00,212,PROCESSING
9441,2014-02-22 00:00:00,213,CLOSED
111,2014-02-23 00:00:00,214,PENDING_PAYMENT
12952,2014-02-24 00:00:00,215,CLOSED
270,2014-02-25 00:00:00,216,COMPLETE
12406,2014-02-26 00:00:00,217,PAYMENT_REVIEW
9216,2014-02-27 00:00:00,218,PROCESSING
6266,2014-02-28 00:00:00,219,PROCESSING
12786,2014-03-01 00:00:00,220,CLOSED
14949,2014-03-02 00:00:00,221,PAYMENT_REVIEW
13010,2014-03-03 00:00:00,222,PENDING_PAYMENT
7706,2014-03-04 00:00:00,223,COMPLETE
2149,2014-03-05 00:00:00,224,COMPLETE
12893,2014-03-06 00:00:00,225,PENDING_PAYMENT
7890,2014-03-07 00:00:00,226,PENDING_PAYMENT
4319,2014-03-08 00:00:00,227,CLOSED
8867,2014-03-09 00:00:00,228,PAYMENT_REVIEW
14200,2014-03-10 00:00:00,229,PAYMENT_REVIEW
8200,2014-03-11 00:00:00,230,COMPLETE
5979,2014-03-12 00:00:00,231,COMPLETE
4962,2014-03-13 00:00:00,232,PROCESSING
12826,2014-03-14 00:00:00,233,PROCESSING
9281,2014-03-15 00:00:00,234,PENDING_PAYMENT
673,2014-03-16 00:00:00,235,COMPLETE
918,2014-03-17 00:00:00,236,PENDING_PAYMENT
8001,2014-03-18 00:00:00,237,PENDING_PAYMENT
11420,2014-03-19 00:00:00,238,PROCESSING
8991,2014-03-20 00:00:00,239,COMPLETE
12227,2014-03-21 00:00:00,240,PENDING_PAYMENT
10536,2014-03-22 00:00:00,241,PENDING_PAYMENT
8051,2014-03-23 00:00:00,242,PROCESSING
13456,2014-03-24 00:00:00,243,PAYMENT_REVIEW
793,2014-03-25 00:00:00,244,COMPLETE
1950,2014-03-26 00:00:00,245,COMPLETE
4345,2014-03-27 00:00:00,246,PROCESSING
4988,2014-03-28 00:00:00,247,COMPLETE
1035,2014-03-29 00:00:00,248,COMPLETE
13756,2014-03-30 00:00:00,249,PENDING_PAYMENT
14471,2014-03-31 00:00:00,250,PAYMENT_REVIEW
14546,2014-04-01 00:00:00,251,PENDING_PAYMENT
3748,2014-04-02 00:00:00,252,PROCESSING
14464,2014-04-03 00:00:00,253,PROCESSING
1104,2014-04-04 00:00:00,254,CLOSED
2615,2014-04-05 00:00:00,255,PENDING_PAYMENT
12742,2014-04-06 00:00:00,256,PROCESSING
1752,2014-04-07 00:00:00,257,PENDING_PAYMENT
1100,2014-04-08 00:00:00,258,CLOSED
3088,2014-04-09 00:00:00,259,PENDING_PAYMENT
11832,2014-04-10 00:00:00,260,PENDING_PAYMENT
14923,2014-04-11 00:00:00,261,PENDING_PAYMENT
6885,2014-04-12 00:00:00,262,CLOSED
681,2014-04-13 00:00:00,263,CLOSED
2826,2014-04-14 00:00:00,264,PENDING_PAYMENT
14822,2014-04-15 00:00:00,265,PAYMENT_REVIEW
8506,2014-04-16 00:00:00,266,CLOSED
13770,2014-04-17 00:00:00,267,PAYMENT_REVIEW
11702,2014-04-18 00:00:00,268,CLOSED
11302,2014-04-19 00:00:00,269,PROCESSING
3250,2014-04-20 00:00:00,270,COMPLETE
2728,2014-04-21 00:00:00,271,PAYMENT_REVIEW
6543,2014-04-22 00:00:00,272,PAYMENT_REVIEW
13978,2014-04-23 00:00:00,273,COMPLETE
8507,2014-04-24 00:00:00,274,COMPLETE
11487,2014-04-25 00:00:00,275,CLOSED
1227,2014-04-26 00:00:00,276,COMPLETE
6285,2014-04-27 00:00:00,277,COMPLETE
12483,2014-04-28 00:00:00,278,PAYMENT_REVIEW
13069,2014-04-29 00:00:00,279,COMPLETE
4669,2014-04-30 00:00:00,280,PENDING_PAYMENT
3730,2014-05-01 00:00:00,281,PROCESSING
6864,2014-05-02 00:00:00,282,PROCESSING
13249,2014-05-03 00:00:00,283,PROCESSING
10189,2014-05-04 00:00:00,284,PENDING_PAYMENT
5820,2014-05-05 00:00:00,285,PENDING_PAYMENT
10682,2014-05-06 00:00:00,286,PENDING_PAYMENT
11564,2014-05-07 00:00:00,287,PROCESSING
1051,2014-05-08 00:00:00,288,PENDING_PAYMENT
10376,2014-05-09 00:00:00,289,PENDING_PAYMENT
12630,2014-05-10 00:00:00,290,PAYMENT_REVIEW
6498,2014-05-11 00:00:00,291,CLOSED
11963,2014-05-12 00:00:00,292,PROCESSING
2952,2014-05-13 00:00:00,293,PENDING_PAYMENT
1944,2014-05-14 00:00:00,294,PROCESSING
8073,2014-05-15 00:00:00,295,CLOSED
1972,2014-05-16 00:00:00,296,PENDING_PAYMENT
8987,2014-05-17 00:00:00,297,CLOSED
1634,2014-05-18 00:00:00,298,PENDING_PAYMENT
10379,2014-05-19 00:00:00,299,PAYMENT_REVIEW
7620,2014-05-20 00:00:00,300,PAYMENT_REVIEW
5647,2014-05-21 00:00:00,301,PROCESSING
8636,2014-05-22 00:00:00,302,COMPLETE
5654,2014-05-23 00:00:00,303,COMPLETE
8333,2014-05-24 00:00:00,304,COMPLETE
14414,2014-05-25 00:00:00,305,PENDING_PAYMENT
2450,2014-05-26 00:00:00,306,PROCESSING
12292,2014-05-27 00:00:00,307,PAYMENT_REVIEW
9791,2014-05-28 00:00:00,308,PROCESSING
11447,2014-05-29 00:00:00,309,CLOSED
7657,2014-05-30 00:00:00,310,COMPLETE
9119,2014-05-31 00:00:00,311,PROCESSING
5982,2014-06-01 00:00:00,312,COMPLETE
8816,2014-06-02 00:00:00,313,PAYMENT_REVIEW
5627,2014-06-03 00:00:00,314,PROCESSING
5038,2014-06-04 00:00:00,315,COMPLETE
1357,2014-06-05 00:00:00,316,PAYMENT_REVIEW
11321,2014-06-06 00:00:00,317,PENDING_PAYMENT
11042,2014-06-07 00:00:00,318,COMPLETE
13020,2014-06-08 00:00:00,319,PENDING_PAYMENT
1003,2014-06-09 00:00:00,320,PROCESSING
2530,2014-06-10 00:00:00,321,PROCESSING
3144,2014-06-11 00:00:00,322,PAYMENT_REVIEW
10084,2014-06-12 00:00:00,323,CLOSED
10926,2014-06-13 00:00:00,324,PAYMENT_REVIEW
3369,2014-06-14 00:00:00,325,COMPLETE
8851,2014-06-15 00:00:00,326,PROCESSING
2998,2014-06-16 00:00:00,327,PAYMENT_REVIEW
10325,2014-06-17 00:00:00,328,PAYMENT_REVIEW
6240,2014-06-18 00:00:00,329,PAYMENT_REVIEW
8046,2014-06-19 00:00:00,330,PENDING_PAYMENT
1245,2014-06-20 00:00:00,331,PENDING_PAYMENT
2455,2014-06-21 00:00:00,332,COMPLETE
7298,2014-06-22 00:00:00,333,PAYMENT_REVIEW
14567,2014-06-23 00:00:00,334,COMPLETE
13012,2014-06-24 00:00:00,335,PROCESSING
10357,2014-06-25 00:00:00,336,COMPLETE
12165,2014-06-26 00:00:00,337,PENDING_PAYMENT
1567,2014-06-27 00:00:00,338,PAYMENT_REVIEW
5070,2014-06-28 00:00:00,339,COMPLETE
12351,2014-06-29 00:00:00,340,PAYMENT_REVIEW
824,2014-06-30 00:00:00,341,CLOSED
7324,2014-07-01 00:00:00,342,PENDING_PAYMENT
8436,2014-07-02 00:00:00,343,COMPLETE
14872,2014-07-03 00:00:00,344,PAYMENT_REVIEW
7927,2014-07-04 00:00:00,345,PENDING_PAYMENT
3669,2014-07-05 00:00:00,346,COMPLETE
10986,2014-07-06 00:00:00,347,PROCESSING
11323,2014-07-07 00:00:00,348,CLOSED
801,2014-07-08 00:00:00,349,CLOSED
6835,2014-07-09 00:00:00,350,CLOSED
14411,2014-07-10 00:00:00,351,PAYMENT_REVIEW
1577,2014-07-11 00:00:00,352,PENDING_PAYMENT
14137,2014-07-12 00:00:00,353,CLOSED
3366,2014-07-13 00:00:00,354,PENDING_PAYMENT
10650,2014-07-14 00:00:00,355,CLOSED
7040,2014-07-15 00:00:00,356,COMPLETE
13296,2014-07-16 00:00:00,357,PROCESSING
10449,2014-07-17 00:00:00,358,PROCESSING
7505,2014-07-18 00:00:00,359,PROCESSING
2629,2014-07-19 00:00:00,360,PROCESSING
3744,2014-07-20 00:00:00,361,COMPLETE
2095,2014-07-21 00:00:00,362,PROCESSING
11085,2014-07-22 00:00:00,363,COMPLETE
7893,2014-07-23 00:00:00,364,PAYMENT_REVIEW
8616,2014-07-24 00:00:00,365,PENDING_PAYMENT
5809,2014-07-25 00:00:00,366,CLOSED
12680,2014-07-26 00:00:00,367,PROCESSING
2643,2014-07-27 00:00:00,368,PROCESSING
8816,2014-07-28 00:00:00,369,COMPLETE
3800,2014-07-29 00:00:00,370,PENDING_PAYMENT
11705,2014-07-30 00:00:00,371,PENDING_PAYMENT
9048,2014-07-31 00:00:00,372,PROCESSING
12263,2014-08-01 00:00:00,373,CLOSED
6928,2014-08-02 00:00:00,374,COMPLETE
2672,2014-08-03 00:00:00,375,COMPLETE
1921,2014-08-04 00:00:00,376,PENDING_PAYMENT
14333,2014-08-05 00:00:00,377,PENDING_PAYMENT
6309,2014-08-06 00:00:00,378,PAYMENT_REVIEW
3811,2014-08-07 00:00:00,379,PAYMENT_REVIEW
14704,2014-08-08 00:00:00,380,PROCESSING
9921,2014-08-09 00:00:00,381,PENDING_PAYMENT
9324,2014-08-10 00:00:00,382,PAYMENT_REVIEW
4722,2014-08-11 00:00:00,383,PAYMENT_REVIEW
13709,2014-08-12 00:00:00,384,COMPLETE
4356,2014-08-13 00:00:00,385,PENDING_PAYMENT
10020,2014-08-14 00:00:00,386,CLOSED
4805,2014-08-15 00:00:00,387,PENDING_PAYMENT
4339,2014-08-16 00:00:00,388,COMPLETE
5160,2014-08-17 00:00:00,389,CLOSED
6388,2014-08-18 00:00:00,390,PROCESSING
5322,2014-08-19 00:00:00,391,PAYMENT_REVIEW
10715,2014-08-20 00:00:00,392,PROCESSING
14290,2014-08-21 00:00:00,393,COMPLETE
9078,2014-08-22 00:00:00,394,COMPLETE
9488,2014-08-23 00:00:00,395,CLOSED
1773,2014-08-24 00:00:00,396,COMPLETE
2443,2014-08-25 00:00:00,397,CLOSED
9272,2014-08-26 00:00:00,398,PROCESSING
13648,2014-08-27 00:00:00,399,PAYMENT_REVIEW
14463,2014-08-28 00:00:00,400,PAYMENT_REVIEW
11248,2014-08-29 00:00:00,401,PROCESSING
3411,2014-08-30 00:00:00,402,PENDING_PAYMENT
14336,2014-08-31 00:00:00,403,CLOSED
14179,2014-09-01 00:00:00,404,PENDING_PAYMENT
8608,2014-09-02 00:00:00,405,PROCESSING
13871,2014-09-03 00:00:00,406,PROCESSING
10460,2014-09-04 00:00:00,407,PENDING_PAYMENT
904,2014-09-05 00:00:00,408,CLOSED
14920,2014-09-06 00:00:00,409,PROCESSING
10659,2014-09-07 00:00:00,410,CLOSED
4566,2014-09-08 00:00:00,411,COMPLETE
5005,2014-09-09 00:00:00,412,COMPLETE
3504,2014-09-10 00:00:00,413,PENDING_PAYMENT
10239,2014-09-11 00:00:00,414,PENDING_PAYMENT
581,2014-09-12 00:00:00,415,PENDING_PAYMENT
6838,2014-09-13 00:00:00,416,COMPLETE
2961,2014-09-14 00:00:00,417,COMPLETE
13011,2014-09-15 00:00:00,418,PAYMENT_REVIEW
2739,2014-09-16 00:00:00,419,PENDING_PAYMENT
7204,2014-09-17 00:00:00,420,CLOSED
5964,2014-09-18 00:00:00,421,PENDING_PAYMENT
2190,2014-09-19 00:00:00,422,PAYMENT_REVIEW
13554,2014-09-20 00:00:00,423,PENDING_PAYMENT
2530,2014-09-21 00:00:00,424,COMPLETE
5578,2014-09-22 00:00:00,425,PAYMENT_REVIEW
6395,2014-09-23 00:00:00,426,PENDING_PAYMENT
9282,2014-09-24 00:00:00,427,COMPLETE
1767,2014-09-25 00:00:00,428,PAYMENT_REVIEW
12871,2014-09-26 00:00:00,429,PENDING_PAYMENT
8647,2014-09-27 00:00:00,430,CLOSED
7916,2014-09-28 00:00:00,431,COMPLETE
8614,2014-09-29 00:00:00,432,CLOSED
12774,2014-09-30 00:00:00,433,CLOSED
10800,2014-10-01 00:00:00,434,COMPLETE
1140,2014-10-02 00:00:00,435,COMPLETE
5941,2014-10-03 00:00:00,436,PROCESSING
9956,2014-10-04 00:00:00,437,CLOSED
3762,2014-10-05 00:00:00,438,CLOSED
6718,2014-10-06 00:00:00,439,CLOSED
12135,2014-10-07 00:00:00,440,PROCESSING
11768,2014-10-08 00:00:00,441,COMPLETE
13152,2014-10-09 00:00:00,442,PENDING_PAYMENT
127,2014-10-10 00:00:00,443,CLOSED
9021,2014-10-11 00:00:00,444,PROCESSING
8494,2014-10-12 00:00:00,445,PENDING_PAYMENT
9170,2014-10-13 00:00:00,446,PAYMENT_REVIEW
10100,2014-10-14 00:00:00,447,PAYMENT_REVIEW
11167,2014-10-15 00:00:00,448,PAYMENT_REVIEW
5278,2014-10-16 00:00:00,449,PROCESSING
620,2014-10-17 00:00:00,450,PAYMENT_REVIEW
1916,2014-10-18 00:00:00,451,CLOSED
10200,2014-10-19 00:00:00,452,CLOSED
2582,2014-10-20 00:00:00,453,PAYMENT_REVIEW
10757,2014-10-21 00:00:00,454,COMPLETE
11696,2014-10-22 00:00:00,455,PROCESSING
11107,2014-10-23 00:00:00,456,PAYMENT_REVIEW
157,2014-10-24 00:00:00,457,COMPLETE
13816,2014-10-25 00:00:00,458,PAYMENT_REVIEW
7642,2014-10-26 00:00:00,459,CLOSED
12957,2014-10-27 00:00:00,460,PENDING_PAYMENT
13115,2014-10-28 00:00:00,461,PAYMENT_REVIEW
14174,2014-10-29 00:00:00,462,PAYMENT_REVIEW
274,2014-10-30 00:00:00,463,PENDING_PAYMENT
12437,2014-10-31 00:00:00,464,COMPLETE
8258,2014-11-01 00:00:00,465,PROCESSING
5018,2014-11-02 00:00:00,466,CLOSED
3660,2014-11-03 00:00:00,467,CLOSED
7607,2014-11-04 00:00:00,468,PROCESSING
12459,2014-11-05 00:00:00,469,PAYMENT_REVIEW
12923,2014-11-06 00:00:00,470,PROCESSING
13390,2014-11-07 00:00:00,471,PAYMENT_REVIEW
3862,2014-11-08 00:00:00,472,CLOSED
8624,2014-11-09 00:00:00,473,COMPLETE
14836,2014-11-10 00:00:00,474,PROCESSING
9076,2014-11-11 00:00:00,475,PROCESSING
11365,2014-11-12 00:00:00,476,CLOSED
10058,2014-11-13 00:00:00,477,PENDING_PAYMENT
4851,2014-11-14 00:00:00,478,PAYMENT_REVIEW
14943,2014-11-15 00:00:00,479,COMPLETE
70,2014-11-16 00:00:00,480,PAYMENT_REVIEW
2967,2014-11-17 00:00:00,481,CLOSED
14946,2014-11-18 00:00:00,482,PAYMENT_REVIEW
1791,2014-11-19 00:00:00,483,CLOSED
7344,2014-11-20 00:00:00,484,CLOSED
8562,2014-11-21 00:00:00,485,COMPLETE
189,2014-11-22 00:00:00,486,PENDING_PAYMENT
5740,2014-11-23 00:00:00,487,PAYMENT_REVIEW
1919,2014-11-24 00:00:00,488,CLOSED
4190,2014-11-25 00:00:00,489,PENDING_PAYMENT
11825,2014-11-26 00:00:00,490,PAYMENT_REVIEW
13939,2014-11-27 00:00:00,491,PAYMENT_REVIEW
2201,2014-11-28 00:00:00,492,COMPLETE
3868,2014-11-29 00:00:00,493,PAYMENT_REVIEW
7981,2014-11-30 00:00:00,494,PROCESSING
4224,2014-12-01 00:00:00,495,COMPLETE
138,2014-12-02 00:00:00,496,CLOSED
5965,2014-12-03 00:00:00,497,CLOSED
9627,2014-12-04 00:00:00,498,PAYMENT_REVIEW
12742,2014-12-05 00:00:00,499,PROCESSING
10829,2014-12-06 00:00:00,500,PAYMENT_REVIEW
10111,2014-12-07 00:00:00,501,PENDING_PAYMENT
3747,2014-12-08 00:00:00,502,PENDING_PAYMENT
12272,2014-12-09 00:00:00,503,PAYMENT_REVIEW
10341,2014-12-10 00:00:00,504,PENDING_PAYMENT
10397,2014-12-11 00:00:00,505,COMPLETE
4887,2014-12-12 00:00:00,506,PROCESSING
3758,2014-12-13 00:00:00,507,COMPLETE
4160,2014-12-14 00:00:00,508,PAYMENT_REVIEW
554,2014-12-15 00:00:00,509,PAYMENT_REVIEW
13046,2014-12-16 00:00:00,510,CLOSED
7431,2014-12-17 00:00:00,511,PENDING_PAYMENT
13538,2014-12-18 00:00:00,512,PAYMENT_REVIEW
9187,2014-12-19 00:00:00,513,PROCESSING
12057,2014-12-20 00:00:00,514,COMPLETE
6275,2014-12-21 00:00:00,515,PAYMENT_REVIEW
7705,2014-12-22 00:00:00,516,PENDING_PAYMENT
4652,2014-12-23 00:00:00,517,COMPLETE
2093,2014-12-24 00:00:00,518,CLOSED
3626,2014-12-25 00:00:00,519,CLOSED
7981,2014-12-26 00:00:00,520,CLOSED
3525,2014-12-27 00:00:00,521,PROCESSING
8981,2014-12-28 00:00:00,522,PENDING_PAYMENT
248,2014-12-29 00:00:00,523,PAYMENT_REVIEW
4183,2014-12-30 00:00:00,524,PROCESSING
10643,2014-12-31 00:00:00,525,PAYMENT_REVIEW
3918,2015-01-01 00:00:00,526,PAYMENT_REVIEW
4673,2015-01-02 00:00:00,527,COMPLETE
9606,2015-01-03 00:00:00,528,PAYMENT_REVIEW
14551,2015-01-04 00:00:00,529,COMPLETE
386,2015-01-05 00:00:00,530,PAYMENT_REVIEW
11225,2015-01-06 00:00:00,531,CLOSED
6677,2015-01-07 00:00:00,532,PAYMENT_REVIEW
10083,2015-01-08 00:00:00,533,PENDING_PAYMENT
14887,2015-01-09 00:00:00,534,COMPLETE
9070,2015-01-10 00:00:00,535,PENDING_PAYMENT
1840,2015-01-11 00:00:00,536,CLOSED
11965,2015-01-12 00:00:00,537,PAYMENT_REVIEW
6258,2015-01-13 00:00:00,538,PAYMENT_REVIEW
887,2015-01-14 00:00:00,539,COMPLETE
12431,2015-01-15 00:00:00,540,PAYMENT_REVIEW
7370,2015-01-16 00:00:00,541,PROCESSING
3195,2015-01-17 00:00:00,542,PENDING_PAYMENT
13312,2015-01-18 00:00:00,543,PAYMENT_REVIEW
599,2015-01-19 00:00:00,544,COMPLETE
12460,2015-01-20 00:00:00,545,PAYMENT_REVIEW
5325,2015-01-21 00:00:00,546,PROCESSING
4652,2015-01-22 00:00:00,547,PROCESSING
9342,2015-01-23 00:00:00,548,COMPLETE
12634,2015-01-24 00:00:00,549,PENDING_PAYMENT
13304,2015-01-25 00:00:00,550,COMPLETE
8614,2015-01-26 00:00:00,551,COMPLETE
7330,2015-01-27 00:00:00,552,CLOSED
5347,2015-01-28 00:00:00,553,PAYMENT_REVIEW
11541,2015-01-29 00:00:00,554,CLOSED
1823,2015-01-30 00:00:00,555,PENDING_PAYMENT
11444,2015-01-31 00:00:00,556,COMPLETE
2933,2015-02-01 00:00:00,557,CLOSED
8826,2015-02-02 00:00:00,558,PENDING_PAYMENT
14720,2015-02-03 00:00:00,559,PENDING_PAYMENT
2289,2015-02-04 00:00:00,560,COMPLETE
4351,2015-02-05 00:00:00,561,COMPLETE
12303,2015-02-06 00:00:00,562,CLOSED
6955,2015-02-07 00:00:00,563,COMPLETE
10880,2015-02-08 00:00:00,564,CLOSED
5403,2015-02-09 00:00:00,565,PROCESSING
13528,2015-02-10 00:00:00,566,CLOSED
4159,2015-02-11 00:00:00,567,CLOSED
5934,2015-02-12 00:00:00,568,PAYMENT_REVIEW
11595,2015-02-13 00:00:00,569,PENDING_PAYMENT
1668,2015-02-14 00:00:00,570,PAYMENT_REVIEW
9972,2015-02-15 00:00:00,571,COMPLETE
9482,2015-02-16 00:00:00,572,PENDING_PAYMENT
171,2015-02-17 00:00:00,573,PAYMENT_REVIEW
1391,2015-02-18 00:00:00,574,CLOSED
9809,2015-02-19 00:00:00,575,PAYMENT_REVIEW
4020,2015-02-20 00:00:00,576,PENDING_PAYMENT
11863,2015-02-21 00:00:00,577,PAYMENT_REVIEW
1472,2015-02-22 00:00:00,578,PAYMENT_REVIEW
6025,2015-02-23 00:00:00,579,PENDING_PAYMENT
8022,2015-02-24 00:00:00,580,COMPLETE
13139,2015-02-25 00:00:00,581,PAYMENT_REVIEW
130,2015-02-26 00:00:00,582,PAYMENT_REVIEW
3092,2015-02-27 00:00:00,583,COMPLETE
3544,2015-02-28 00:00:00,584,PROCESSING
10952,2015-03-01 00:00:00,585,PAYMENT_REVIEW
13520,2015-03-02 00:00:00,586,PROCESSING
11122,2015-03-03 00:00:00,587,PROCESSING
2706,2015-03-04 00:00:00,588,PAYMENT_REVIEW
12057,2015-03-05 00:00:00,589,PAYMENT_REVIEW
13727,2015-03-06 00:00:00,590,PENDING_PAYMENT
3439,2015-03-07 00:00:00,591,PROCESSING
8175,2015-03-08 00:00:00,592,PENDING_PAYMENT
5682,2015-03-09 00:00:00,593,COMPLETE
6258,2015-03-10 00:00:00,594,COMPLETE
2805,2015-03-11 00:00:00,595,CLOSED
10816,2015-03-12 00:00:00,596,CLOSED
5478,2015-03-13 00:00:00,597,PENDING_PAYMENT
2126,2015-03-14 00:00:00,598,PENDING_PAYMENT
3615,2015-03-15 00:00:00,599,COMPLETE
14293,2015-03-16 00:00:00,600,COMPLETE
6680,2015-03-17 00:00:00,601,PROCESSING
3314,2015-03-18 00:00:00,602,CLOSED
5383,2015-03-19 00:00:00,603,CLOSED
4521,2015-03-20 00:00:00,604,PROCESSING
3701,2015-03-21 00:00:00,605,PROCESSING
1315,2015-03-22 00:00:00,606,CLOSED
13729,2015-03-23 00:00:00,607,PAYMENT_REVIEW
12653,2015-03-24 00:00:00,608,CLOSED
12883,2015-03-25 00:00:00,609,COMPLETE
5331,2015-03-26 00:00:00,610,CLOSED
1847,2015-03-27 00:00:00,611,COMPLETE
2809,2015-03-28 00:00:00,612,PENDING_PAYMENT
8932,2015-03-29 00:00:00,613,PAYMENT_REVIEW
3196,2015-03-30 00:00:00,614,PENDING_PAYMENT
12283,2015-03-31 00:00:00,615,PAYMENT_REVIEW
11243,2015-04-01 00:00:00,616,PAYMENT_REVIEW
10709,2015-04-02 00:00:00,617,COMPLETE
12100,2015-04-03 00:00:00,618,COMPLETE
5552,2015-04-04 00:00:00,619,CLOSED
384,2015-04-05 00:00:00,620,PROCESSING
13478,2015-04-06 00:00:00,621,COMPLETE
1621,2015-04-07 00:00:00,622,PROCESSING
14535,2015-04-08 00:00:00,623,COMPLETE
8607,2015-04-09 00:00:00,624,PENDING_PAYMENT
817,2015-04-10 00:00:00,625,COMPLETE
12268,2015-04-11 00:00:00,626,PENDING_PAYMENT
2289,2015-04-12 00:00:00,627,PROCESSING
1714,2015-04-13 00:00:00,628,COMPLETE
1156,2015-04-14 00:00:00,629,COMPLETE
3203,2015-04-15 00:00:00,630,CLOSED
14657,2015-04-16 00:00:00,631,PROCESSING
10599,2015-04-17 00:00:00,632,PENDING_PAYMENT
12778,2015-04-18 00:00:00,633,CLOSED
8768,2015-04-19 00:00:00,634,PENDING_PAYMENT
1282,2015-04-20 00:00:00,635,PENDING_PAYMENT
8250,2015-04-21 00:00:00,636,COMPLETE
1877,2015-04-22 00:00:00,637,PAYMENT_REVIEW
240,2015-04-23 00:00:00,638,PROCESSING
1802,2015-04-24 00:00:00,639,PENDING_PAYMENT
205,2015-04-25 00:00:00,640,PENDING_PAYMENT
8652,2015-04-26 00:00:00,641,PAYMENT_REVIEW
4011,2015-04-27 00:00:00,642,COMPLETE
10522,2015-04-28 00:00:00,643,PENDING_PAYMENT
1900,2015-04-29 00:00:00,644,PAYMENT_REVIEW
12383,2015-04-30 00:00:00,645,PAYMENT_REVIEW
2489,2015-05-01 00:00:00,646,COMPLETE
5733,2015-05-02 00:00:00,647,PROCESSING
4844,2015-05-03 00:00:00,648,PAYMENT_REVIEW
11440,2015-05-04 00:00:00,649,CLOSED
8759,2015-05-05 00:00:00,650,COMPLETE
2110,2015-05-06 00:00:00,651,CLOSED
7141,2015-05-07 00:00:00,652,COMPLETE
435,2015-05-08 00:00:00,653,PROCESSING
5471,2015-05-09 00:00:00,654,PROCESSING
5845,2015-05-10 00:00:00,655,PROCESSING
12721,2015-05-11 00:00:00,656,PROCESSING
11374,2015-05-12 00:00:00,657,CLOSED
934,2015-05-13 00:00:00,658,PROCESSING
2730,2015-05-14 00:00:00,659,COMPLETE
11704,2015-05-15 00:00:00,660,PROCESSING
11242,2015-05-16 00:00:00,661,COMPLETE
6951,2015-05-17 00:00:00,662,PROCESSING
11886,2015-05-18 00:00:00,663,PROCESSING
6898,2015-05-19 00:00:00,664,PENDING_PAYMENT
12880,2015-05-20 00:00:00,665,PENDING_PAYMENT
1789,2015-05-21 00:00:00,666,PROCESSING
11091,2015-05-22 00:00:00,667,CLOSED
4572,2015-05-23 00:00:00,668,PAYMENT_REVIEW
2268,2015-05-24 00:00:00,669,PAYMENT_REVIEW
9277,2015-05-25 00:00:00,670,PROCESSING
4421,2015-05-26 00:00:00,671,COMPLETE
11727,2015-05-27 00:00:00,672,CLOSED
3075,2015-05-28 00:00:00,673,PENDING_PAYMENT
9021,2015-05-29 00:00:00,674,PAYMENT_REVIEW
7975,2015-05-30 00:00:00,675,CLOSED
11296,2015-05-31 00:00:00,676,PENDING_PAYMENT
559,2015-06-01 00:00:00,677,COMPLETE
11764,2015-06-02 00:00:00,678,PAYMENT_REVIEW
10469,2015-06-03 00:00:00,679,COMPLETE
5122,2015-06-04 00:00:00,680,PENDING_PAYMENT
10868,2015-06-05 00:00:00,681,PAYMENT_REVIEW
14038,2015-06-06 00:00:00,682,CLOSED
8589,2015-06-07 00:00:00,683,CLOSED
13909,2015-06-08 00:00:00,684,PROCESSING
677,2015-06-09 00:00:00,685,CLOSED
14632,2015-06-10 00:00:00,686,CLOSED
8266,2015-06-11 00:00:00,687,PAYMENT_REVIEW
3336,2015-06-12 00:00:00,688,PENDING_PAYMENT
13388,2015-06-13 00:00:00,689,PROCESSING
13262,2015-06-14 00:00:00,690,COMPLETE
7069,2015-06-15 00:00:00,691,PAYMENT_REVIEW
12005,2015-06-16 00:00:00,692,PROCESSING
11699,2015-06-17 00:00:00,693,PENDING_PAYMENT
5255,2015-06-18 00:00:00,694,CLOSED
11918,2015-06-19 00:00:00,695,COMPLETE
1104,2015-06-20 00:00:00,696,PENDING_PAYMENT
13811,2015-06-21 00:00:00,697,PAYMENT_REVIEW
5479,2015-06-22 00:00:00,698,PENDING_PAYMENT
2825,2015-06-23 00:00:00,699,COMPLETE
7618,2015-06-24 00:00:00,700,PAYMENT_REVIEW
11364,2015-06-25 00:00:00,701,COMPLETE
9440,2015-06-26 00:00:00,702,PENDING_PAYMENT
1312,2015-06-27 00:00:00,703,PAYMENT_REVIEW
12654,2015-06-28 00:00:00,704,PAYMENT_REVIEW
9400,2015-06-29 00:00:00,705,PROCESSING
1498,2015-06-30 00:00:00,706,PROCESSING
14065,2015-07-01 00:00:00,707,PENDING_PAYMENT
6469,2015-07-02 00:00:00,708,COMPLETE
14123,2015-07-03 00:00:00,709,COMPLETE
9544,2015-07-04 00:00:00,710,CLOSED
806,2015-07-05 00:00:00,711,COMPLETE
562,2015-07-06 00:00:00,712,PENDING_PAYMENT
5908,2015-07-07 00:00:00,713,PROCESSING
4680,2015-07-08 00:00:00,714,CLOSED
11676,2015-07-09 00:00:00,715,PROCESSING
14581,2015-07-10 00:00:00,716,PAYMENT_REVIEW
1537,2015-07-11 00:00:00,717,PENDING_PAYMENT
6559,2015-07-12 00:00:00,718,PROCESSING
12018,2015-07-13 00:00:00,719,COMPLETE
5701,2015-07-14 00:00:00,720,CLOSED
8072,2015-07-15 00:00:00,721,CLOSED
5796,2015-07-16 00:00:00,722,PROCESSING
13635,2015-07-17 00:00:00,723,CLOSED
8407,2015-07-18 00:00:00,724,CLOSED
11022,2015-07-19 00:00:00,725,COMPLETE
7131,2015-07-20 00:00:00,726,PAYMENT_REVIEW
1953,2015-07-21 00:00:00,727,PAYMENT_REVIEW
1556,2015-07-22 00:00:00,728,CLOSED
7488,2015-07-23 00:00:00,729,PAYMENT_REVIEW
2718,2015-07-24 00:00:00,730,PROCESSING
6546,2015-07-25 00:00:00,731,COMPLETE
11499,2015-07-26 00:00:00,732,PENDING_PAYMENT
9431,2015-07-27 00:00:00,733,CLOSED
12112,2015-07-28 00:00:00,734,PROCESSING
12459,2015-07-29 00:00:00,735,PENDING_PAYMENT
12564,2015-07-30 00:00:00,736,PROCESSING
7090,2015-07-31 00:00:00,737,PAYMENT_REVIEW
11026,2015-08-01 00:00:00,738,PROCESSING
12699,2015-08-02 00:00:00,739,PENDING_PAYMENT
1845,2015-08-03 00:00:00,740,PENDING_PAYMENT
5784,2015-08-04 00:00:00,741,COMPLETE
245,2015-08-05 00:00:00,742,PROCESSING
3625,2015-08-06 00:00:00,743,CLOSED
12881,2015-08-07 00:00:00,744,CLOSED
13486,2015-08-08 00:00:00,745,COMPLETE
2506,2015-08-09 00:00:00,746,PENDING_PAYMENT
8041,2015-08-10 00:00:00,747,COMPLETE
252,2015-08-11 00:00:00,748,PAYMENT_REVIEW
9553,2015-08-12 00:00:00,749,CLOSED
14431,2015-08-13 00:00:00,750,PENDING_PAYMENT
12868,2015-08-14 00:00:00,751,PAYMENT_REVIEW
14788,2015-08-15 00:00:00,752,PROCESSING
1525,2015-08-16 00:00:00,753,PROCESSING
4563,2015-08-17 00:00:00,754,CLOSED
2489,2015-08-18 00:00:00,755,COMPLETE
2722,2015-08-19 00:00:00,756,PROCESSING
14365,2015-08-20 00:00:00,757,PROCESSING
6934,2015-08-21 00:00:00,758,PAYMENT_REVIEW
1181,2015-08-22 00:00:00,759,PAYMENT_REVIEW
442,2015-08-23 00:00:00,760,CLOSED
12185,2015-08-24 00:00:00,761,PENDING_PAYMENT
445,2015-08-25 00:00:00,762,COMPLETE
14288,2015-08-26 00:00:00,763,PROCESSING
4463,2015-08-27 00:00:00,764,CLOSED
2529,2015-08-28 00:00:00,765,COMPLETE
14742,2015-08-29 00:00:00,766,PROCESSING
13340,2015-08-30 00:00:00,767,CLOSED
9899,2015-08-31 00:00:00,768,COMPLETE
5380,2015-09-01 00:00:00,769,PENDING_PAYMENT
5789,2015-09-02 00:00:00,770,COMPLETE
1654,2015-09-03 00:00:00,771,COMPLETE
14731,2015-09-04 00:00:00,772,PENDING_PAYMENT
2469,2015-09-05 00:00:00,773,CLOSED
855,2015-09-06 00:00:00,774,PROCESSING
2987,2015-09-07 00:00:00,775,PAYMENT_REVIEW
4977,2015-09-08 00:00:00,776,PENDING_PAYMENT
10804,2015-09-09 00:00:00,777,CLOSED
12585,2015-09-10 00:00:00,778,PAYMENT_REVIEW
13289,2015-09-11 00:00:00,779,PROCESSING
8344,2015-09-12 00:00:00,780,PAYMENT_REVIEW
11895,2015-09-13 00:00:00,781,CLOSED
2010,2015-09-14 00:00:00,782,PENDING_PAYMENT
2539,2015-09-15 00:00:00,783,COMPLETE
171,2015-09-16 00:00:00,784,PENDING_PAYMENT
5685,2015-09-17 00:00:00,785,PROCESSING
14337,2015-09-18 00:00:00,786,CLOSED
225,2015-09-19 00:00:00,787,PROCESSING
12910,2015-09-20 00:00:00,788,COMPLETE
14355,2015-09-21 00:00:00,789,COMPLETE
9427,2015-09-22 00:00:00,790,PAYMENT_REVIEW
11692,2015-09-23 00:00:00,791,PENDING_PAYMENT
9171,2015-09-24 00:00:00,792,PENDING_PAYMENT
3789,2015-09-25 00:00:00,793,PENDING_PAYMENT
8292,2015-09-26 00:00:00,794,PENDING_PAYMENT
8199,2015-09-27 00:00:00,795,PROCESSING
14264,2015-09-28 00:00:00,796,PENDING_PAYMENT
978,2015-09-29 00:00:00,797,PAYMENT_REVIEW
3707,2015-09-30 00:00:00,798,PAYMENT_REVIEW
1546,2015-10-01 00:00:00,799,PENDING_PAYMENT
6343,2015-10-02 00:00:00,800,CLOSED
10798,2015-10-03 00:00:00,801,PROCESSING
10228,2015-10-04 00:00:00,802,CLOSED
8147,2015-10-05 00:00:00,803,PROCESSING
2417,2015-10-06 00:00:00,804,COMPLETE
5484,2015-10-07 00:00:00,805,PAYMENT_REVIEW
5320,2015-10-08 00:00:00,806,CLOSED
12966,2015-10-09 00:00:00,807,COMPLETE
13309,2015-10-10 00:00:00,808,CLOSED
9268,2015-10-11 00:00:00,809,PAYMENT_REVIEW
7965,2015-10-12 00:00:00,810,PAYMENT_REVIEW
6086,2015-10-13 00:00:00,811,CLOSED
9383,2015-10-14 00:00:00,812,COMPLETE
10315,2015-10-15 00:00:00,813,COMPLETE
4088,2015-10-16 00:00:00,814,PROCESSING
11773,2015-10-17 00:00:00,815,CLOSED
8433,2015-10-18 00:00:00,816,CLOSED
12423,2015-10-19 00:00:00,817,CLOSED
3201,2015-10-20 00:00:00,818,COMPLETE
14141,2015-10-21 00:00:00,819,CLOSED
4840,2015-10-22 00:00:00,820,COMPLETE
8689,2015-10-23 00:00:00,821,PAYMENT_REVIEW
4634,2015-10-24 00:00:00,822,PENDING_PAYMENT
9851,2015-10-25 00:00:00,823,PROCESSING
7086,2015-10-26 00:00:00,824,PROCESSING
1329,2015-10-27 00:00:00,825,PROCESSING
1328,2015-10-28 00:00:00,826,PAYMENT_REVIEW
11551,2015-10-29 00:00:00,827,PAYMENT_REVIEW
4248,2015-10-30 00:00:00,828,PENDING_PAYMENT
11812,2015-10-31 00:00:00,829,PENDING_PAYMENT
3956,2015-11-01 00:00:00,830,PENDING_PAYMENT
406,2015-11-02 00:00:00,831,PROCESSING
6595,2015-11-03 00:00:00,832,CLOSED
6824,2015-11-04 00:00:00,833,CLOSED
13871,2015-11-05 00:00:00,834,PENDING_PAYMENT
4651,2015-11-06 00:00:00,835,PROCESSING
10181,2015-11-07 00:00:00,836,COMPLETE
10564,2015-11-08 00:00:00,837,CLOSED
11187,2015-11-09 00:00:00,838,CLOSED
5372,2015-11-10 00:00:00,839,PAYMENT_REVIEW
13855,2015-11-11 00:00:00,840,COMPLETE
4638,2015-11-12 00:00:00,841,CLOSED
1887,2015-11-13 00:00:00,842,CLOSED
1647,2015-11-14 00:00:00,843,PAYMENT_REVIEW
152,2015-11-15 00:00:00,844,PAYMENT_REVIEW
6402,2015-11-16 00:00:00,845,COMPLETE
9104,2015-11-17 00:00:00,846,PENDING_PAYMENT
12301,2015-11-18 00:00:00,847,PENDING_PAYMENT
8776,2015-11-19 00:00:00,848,PENDING_PAYMENT
1624,2015-11-20 00:00:00,849,PAYMENT_REVIEW
10346,2015-11-21 00:00:00,850,PENDING_PAYMENT
3018,2015-11-22 00:00:00,851,PENDING_PAYMENT
2062,2015-11-23 00:00:00,852,PENDING_PAYMENT
3170,2015-11-24 00:00:00,853,CLOSED
4053,2015-11-25 00:00:00,854,PENDING_PAYMENT
13610,2015-11-26 00:00:00,855,COMPLETE
5513,2015-11-27 00:00:00,856,COMPLETE
13863,2015-11-28 00:00:00,857,CLOSED
8273,2015-11-29 00:00:00,858,CLOSED
4743,2015-11-30 00:00:00,859,PAYMENT_REVIEW
11538,2015-12-01 00:00:00,860,CLOSED
2444,2015-12-02 00:00:00,861,COMPLETE
9052,2015-12-03 00:00:00,862,PENDING_PAYMENT
7709,2015-12-04 00:00:00,863,PROCESSING
11431,2015-12-05 00:00:00,864,PAYMENT_REVIEW
12839,2015-12-06 00:00:00,865,CLOSED
5435,2015-12-07 00:00:00,866,PENDING_PAYMENT
12091,2015-12-08 00:00:00,867,CLOSED
167,2015-12-09 00:00:00,868,PAYMENT_REVIEW
3583,2015-12-10 00:00:00,869,PAYMENT_REVIEW
9441,2015-12-11 00:00:00,870,PAYMENT_REVIEW
11873,2015-12-12 00:00:00,871,CLOSED
4079,2015-12-13 00:00:00,872,PENDING_PAYMENT
14621,2015-12-14 00:00:00,873,PENDING_PAYMENT
11916,2015-12-15 00:00:00,874,PAYMENT_REVIEW
3803,2015-12-16 00:00:00,875,COMPLETE
3693,2015-12-17 00:00:00,876,COMPLETE
404,2015-12-18 00:00:00,877,CLOSED
4225,2015-12-19 00:00:00,878,COMPLETE
9383,2015-12-20 00:00:00,879,COMPLETE
12128,2015-12-21 00:00:00,880,CLOSED
13508,2015-12-22 00:00:00,881,COMPLETE
11801,2015-12-23 00:00:00,882,COMPLETE
160,2015-12-24 00:00:00,883,CLOSED
311,2015-12-25 00:00:00,884,PAYMENT_REVIEW
12280,2015-12-26 00:00:00,885,CLOSED
1542,2015-12-27 00:00:00,886,PENDING_PAYMENT
12470,2015-12-28 00:00:00,887,PAYMENT_REVIEW
4349,2015-12-29 00:00:00,888,COMPLETE
5423,2015-12-30 00:00:00,889,PROCESSING
4104,2015-12-31 00:00:00,890,CLOSED
3378,2016-01-01 00:00:00,891,COMPLETE
2167,2016-01-02 00:00:00,892,COMPLETE
8885,2016-01-03 00:00:00,893,PENDING_PAYMENT
11924,2016-01-04 00:00:00,894,PENDING_PAYMENT
6938,2016-01-05 00:00:00,895,PAYMENT_REVIEW
13253,2016-01-06 00:00:00,896,PAYMENT_REVIEW
1321,2016-01-07 00:00:00,897,COMPLETE
10430,2016-01-08 00:00:00,898,PROCESSING
2225,2016-01-09 00:00:00,899,CLOSED
10716,2016-01-10 00:00:00,900,PROCESSING
11436,2016-01-11 00:00:00,901,PROCESSING
10764,2016-01-12 00:00:00,902,CLOSED
5895,2016-01-13 00:00:00,903,CLOSED
9608,2016-01-14 00:00:00,904,PROCESSING
5492,2016-01-15 00:00:00,905,COMPLETE
10179,2016-01-16 00:00:00,906,PENDING_PAYMENT
2603,2016-01-17 00:00:00,907,CLOSED
6420,2016-01-18 00:00:00,908,COMPLETE
14365,2016-01-19 00:00:00,909,CLOSED
7747,2016-01-20 00:00:00,910,PROCESSING
529,2016-01-21 00:00:00,911,PROCESSING
6475,2016-01-22 00:00:00,912,PENDING_PAYMENT
5882,2016-01-23 00:00:00,913,CLOSED
13927,2016-01-24 00:00:00,914,PENDING_PAYMENT
3377,2016-01-25 00:00:00,915,PROCESSING
2676,2016-01-26 00:00:00,916,COMPLETE
5324,2016-01-27 00:00:00,917,CLOSED
10912,2016-01-28 00:00:00,918,COMPLETE
3742,2016-01-29 00:00:00,919,PENDING_PAYMENT
13497,2016-01-30 00:00:00,920,PENDING_PAYMENT
1235,2016-01-31 00:00:00,921,COMPLETE
13640,2016-02-01 00:00:00,922,COMPLETE
13722,2016-02-02 00:00:00,923,COMPLETE
5688,2016-02-03 00:00:00,924,CLOSED
1191,2016-02-04 00:00:00,925,COMPLETE
3484,2016-02-05 00:00:00,926,COMPLETE
205,2016-02-06 00:00:00,927,CLOSED
12768,2016-02-07 00:00:00,928,COMPLETE
12123,2016-02-08 00:00:00,929,CLOSED
9007,2016-02-09 00:00:00,930,COMPLETE
1341,2016-02-10 00:00:00,931,PENDING_PAYMENT
314,2016-02-11 00:00:00,932,PROCESSING
13336,2016-02-12 00:00:00,933,PROCESSING
1462,2016-02-13 00:00:00,934,COMPLETE
10507,2016-02-14 00:00:00,935,PENDING_PAYMENT
639,2016-02-15 00:00:00,936,COMPLETE
10738,2016-02-16 00:00:00,937,CLOSED
6890,2016-02-17 00:00:00,938,PROCESSING
9560,2016-02-18 00:00:00,939,PENDING_PAYMENT
14022,2016-02-19 00:00:00,940,PAYMENT_REVIEW
1653,2016-02-20 00:00:00,941,PROCESSING
5905,2016-02-21 00:00:00,942,PROCESSING
13629,2016-02-22 00:00:00,943,CLOSED
220,2016-02-23 00:00:00,944,PROCESSING
11662,2016-02-24 00:00:00,945,PAYMENT_REVIEW
11592,2016-02-25 00:00:00,946,PAYMENT_REVIEW
8767,2016-02-26 00:00:00,947,CLOSED
14406,2016-02-27 00:00:00,948,CLOSED
13061,2016-02-28 00:00:00,949,PROCESSING
11971,2016-02-29 00:00:00,950,PROCESSING
4448,2016-03-01 00:00:00,951,PAYMENT_REVIEW
8906,2016-03-02 00:00:00,952,PAYMENT_REVIEW
12134,2016-03-03 00:00:00,953,PENDING_PAYMENT
12798,2016-03-04 00:00:00,954,PROCESSING
13832,2016-03-05 00:00:00,955,PAYMENT_REVIEW
2451,2016-03-06 00:00:00,956,PROCESSING
10938,2016-03-07 00:00:00,957,PENDING_PAYMENT
3875,2016-03-08 00:00:00,958,PAYMENT_REVIEW
8616,2016-03-09 00:00:00,959,CLOSED
6840,2016-03-10 00:00:00,960,PROCESSING
7074,2016-03-11 00:00:00,961,CLOSED
9751,2016-03-12 00:00:00,962,PENDING_PAYMENT
4042,2016-03-13 00:00:00,963,PROCESSING
5840,2016-03-14 00:00:00,964,PROCESSING
5321,2016-03-15 00:00:00,965,COMPLETE
12895,2016-03-16 00:00:00,966,COMPLETE
9474,2016-03-17 00:00:00,967,COMPLETE
6102,2016-03-18 00:00:00,968,PAYMENT_REVIEW
6996,2016-03-19 00:00:00,969,PAYMENT_REVIEW
4855,2016-03-20 00:00:00,970,PROCESSING
6999,2016-03-21 00:00:00,971,PENDING_PAYMENT
3846,2016-03-22 00:00:00,972,PROCESSING
6747,2016-03-23 00:00:00,973,CLOSED
14028,2016-03-24 00:00:00,974,COMPLETE
6394,2016-03-25 00:00:00,975,PENDING_PAYMENT
4939,2016-03-26 00:00:00,976,CLOSED
7905,2016-03-27 00:00:00,977,PAYMENT_REVIEW
13967,2016-03-28 00:00:00,978,CLOSED
7198,2016-03-29 00:00:00,979,PENDING_PAYMENT
2156,2016-03-30 00:00:00,980,PROCESSING
3867,2016-03-31 00:00:00,981,CLOSED
11811,2016-04-01 00:00:00,982,COMPLETE
6474,2016-04-02 00:00:00,983,COMPLETE
12899,2016-04-03 00:00:00,984,COMPLETE
14224,2016-04-04 00:00:00,985,PROCESSING
11451,2016-04-05 00:00:00,986,CLOSED
2156,2016-04-06 00:00:00,987,PAYMENT_REVIEW
8693,2016-04-07 00:00:00,988,PROCESSING
8064,2016-04-08 00:00:00,989,PAYMENT_REVIEW
12704,2016-04-09 00:00:00,990,COMPLETE
4564,2016-04-10 00:00:00,991,PAYMENT_REVIEW
1597,2016-04-11 00:00:00,992,PROCESSING
10016,2016-04-12 00:00:00,993,PROCESSING
11000,2016-04-13 00:00:00,994,PAYMENT_REVIEW
579,2016-04-14 00:00:00,995,COMPLETE
7893,2016-04-15 00:00:00,996,COMPLETE
5316,2016-04-16 00:00:00,997,PAYMENT_REVIEW
4502,2016-04-17 00:00:00,998,PAYMENT_REVIEW
151,2016-04-18 00:00:00,999,CLOSED
8939,2016-04-19 00:00:00,1000,PAYMENT_REVIEW
6428,2016-04-20 00:00:00,1001,COMPLETE
3719,2016-04-21 00:00:00,1002,PENDING_PAYMENT
10692,2016-04-22 00:00:00,1003,COMPLETE
1477,2016-04-23 00:00:00,1004,CLOSED
6843,2016-04-24 00:00:00,1005,CLOSED
4130,2016-04-25 00:00:00,1006,PROCESSING
664,2016-04-26 00:00:00,1007,PAYMENT_REVIEW
12837,2016-04-27 00:00:00,1008,PROCESSING
10150,2016-04-28 00:00:00,1009,PENDING_PAYMENT
5986,2016-04-29 00:00:00,1010,PENDING_PAYMENT
2341,2016-04-30 00:00:00,1011,PAYMENT_REVIEW
2682,2016-05-01 00:00:00,1012,CLOSED
12690,2016-05-02 00:00:00,1013,PENDING_PAYMENT
10023,2016-05-03 00:00:00,1014,PENDING_PAYMENT
14078,2016-05-04 00:00:00,1015,PROCESSING
6185,2016-05-05 00:00:00,1016,PENDING_PAYMENT
30,2016-05-06 00:00:00,1017,PAYMENT_REVIEW
3470,2016-05-07 00:00:00,1018,CLOSED
10118,2016-05-08 00:00:00,1019,PENDING_PAYMENT
8365,2016-05-09 00:00:00,1020,COMPLETE
1218,2016-05-10 00:00:00,1021,COMPLETE
10778,2016-05-11 00:00:00,1022,PAYMENT_REVIEW
10002,2016-05-12 00:00:00,1023,COMPLETE
10468,2016-05-13 00:00:00,1024,PENDING_PAYMENT
9802,2016-05-14 00:00:00,1025,PENDING_PAYMENT
8659,2016-05-15 00:00:00,1026,CLOSED
14545,2016-05-16 00:00:00,1027,COMPLETE
8757,2016-05-17 00:00:00,1028,COMPLETE
4324,2016-05-18 00:00:00,1029,PAYMENT_REVIEW
13339,2016-05-19 00:00:00,1030,PROCESSING
1770,2016-05-20 00:00:00,1031,PAYMENT_REVIEW
5516,2016-05-21 00:00:00,1032,PENDING_PAYMENT
2884,2016-05-22 00:00:00,1033,COMPLETE
7527,2016-05-23 00:00:00,1034,PENDING_PAYMENT
532,2016-05-24 00:00:00,1035,PENDING_PAYMENT
960,2016-05-25 00:00:00,1036,CLOSED
2626,2016-05-26 00:00:00,1037,PAYMENT_REVIEW
5623,2016-05-27 00:00:00,1038,PAYMENT_REVIEW
2660,2016-05-28 00:00:00,1039,CLOSED
14790,2016-05-29 00:00:00,1040,CLOSED
12138,2016-05-30 00:00:00,1041,PROCESSING
4587,2016-05-31 00:00:00,1042,COMPLETE
11264,2016-06-01 00:00:00,1043,PENDING_PAYMENT
7313,2016-06-02 00:00:00,1044,PROCESSING
12096,2016-06-03 00:00:00,1045,PAYMENT_REVIEW
12066,2016-06-04 00:00:00,1046,PAYMENT_REVIEW
772,2016-06-05 00:00:00,1047,PENDING_PAYMENT
13620,2016-06-06 00:00:00,1048,PROCESSING
14502,2016-06-07 00:00:00,1049,CLOSED
8451,2016-06-08 00:00:00,1050,PROCESSING
4797,2016-06-09 00:00:00,1051,CLOSED
14209,2016-06-10 00:00:00,1052,PENDING_PAYMENT
7850,2016-06-11 00:00:00,1053,CLOSED
4094,2016-06-12 00:00:00,1054,PROCESSING
6749,2016-06-13 00:00:00,1055,COMPLETE
14563,2016-06-14 00:00:00,1056,PENDING_PAYMENT
14781,2016-06-15 00:00:00,1057,COMPLETE
10180,2016-06-16 00:00:00,1058,PROCESSING
835,2016-06-17 00:00:00,1059,PENDING_PAYMENT
12492,2016-06-18 00:00:00,1060,PROCESSING
9145,2016-06-19 00:00:00,1061,PENDING_PAYMENT
13900,2016-06-20 00:00:00,1062,PROCESSING
1402,2016-06-21 00:00:00,1063,COMPLETE
13086,2016-06-22 00:00:00,1064,COMPLETE
13789,2016-06-23 00:00:00,1065,PENDING_PAYMENT
5594,2016-06-24 00:00:00,1066,CLOSED
11977,2016-06-25 00:00:00,1067,PAYMENT_REVIEW
12249,2016-06-26 00:00:00,1068,PROCESSING
6995,2016-06-27 00:00:00,1069,COMPLETE
8825,2016-06-28 00:00:00,1070,PROCESSING
13037,2016-06-29 00:00:00,1071,COMPLETE
13989,2016-06-30 00:00:00,1072,COMPLETE
14266,2016-07-01 00:00:00,1073,CLOSED
12517,2016-07-02 00:00:00,1074,COMPLETE
9496,2016-07-03 00:00:00,1075,PROCESSING
14277,2016-07-04 00:00:00,1076,CLOSED
7009,2016-07-05 00:00:00,1077,COMPLETE
14093,2016-07-06 00:00:00,1078,CLOSED
10949,2016-07-07 00:00:00,1079,PAYMENT_REVIEW
2273,2016-07-08 00:00:00,1080,CLOSED
1120,2016-07-09 00:00:00,1081,PAYMENT_REVIEW
12270,2016-07-10 00:00:00,1082,PROCESSING
5689,2016-07-11 00:00:00,1083,COMPLETE
10661,2016-07-12 00:00:00,1084,PENDING_PAYMENT
5975,2016-07-13 00:00:00,1085,PROCESSING
1246,2016-07-14 00:00:00,1086,PROCESSING
472,2016-07-15 00:00:00,1087,PROCESSING
13709,2016-07-16 00:00:00,1088,PAYMENT_REVIEW
10871,2016-07-17 00:00:00,1089,CLOSED
13761,2016-07-18 00:00:00,1090,PENDING_PAYMENT
3875,2016-07-19 00:00:00,1091,CLOSED
2646,2016-07-20 00:00:00,1092,COMPLETE
3014,2016-07-21 00:00:00,1093,CLOSED
558,2016-07-22 00:00:00,1094,COMPLETE
7364,2016-07-23 00:00:00,1095,PROCESSING
3558,2016-07-24 00:00:00,1096,COMPLETE
11517,2016-07-25 00:00:00,1097,COMPLETE
3955,2016-07-26 00:00:00,1098,COMPLETE
10858,2016-07-27 00:00:00,1099,PAYMENT_REVIEW
2651,2016-07-28 00:00:00,1100,PROCESSING
2820,2016-07-29 00:00:00,1101,COMPLETE
12802,2016-07-30 00:00:00,1102,PAYMENT_REVIEW
9517,2016-07-31 00:00:00,1103,COMPLETE
14241,2016-08-01 00:00:00,1104,PENDING_PAYMENT
1400,2016-08-02 00:00:00,1105,PAYMENT_REVIEW
4203,2016-08-03 00:00:00,1106,PROCESSING
1223,2016-08-04 00:00:00,1107,PENDING_PAYMENT
12401,2016-08-05 00:00:00,1108,CLOSED
13795,2016-08-06 00:00:00,1109,PENDING_PAYMENT
14066,2016-08-07 00:00:00,1110,PENDING_PAYMENT
5592,2016-08-08 00:00:00,1111,COMPLETE
13704,2016-08-09 00:00:00,1112,PAYMENT_REVIEW
4551,2016-08-10 00:00:00,1113,COMPLETE
5716,2016-08-11 00:00:00,1114,CLOSED
4173,2016-08-12 00:00:00,1115,PENDING_PAYMENT
8801,2016-08-13 00:00:00,1116,PAYMENT_REVIEW
12859,2016-08-14 00:00:00,1117,PROCESSING
14175,2016-08-15 00:00:00,1118,PAYMENT_REVIEW
4604,2016-08-16 00:00:00,1119,PAYMENT_REVIEW
14340,2016-08-17 00:00:00,1120,CLOSED
10305,2016-08-18 00:00:00,1121,COMPLETE
3829,2016-08-19 00:00:00,1122,PROCESSING
2370,2016-08-20 00:00:00,1123,COMPLETE
9231,2016-08-21 00:00:00,1124,PAYMENT_REVIEW
6601,2016-08-22 00:00:00,1125,PROCESSING
13549,2016-08-23 00:00:00,1126,CLOSED
3864,2016-08-24 00:00:00,1127,CLOSED
3388,2016-08-25 00:00:00,1128,PENDING_PAYMENT
3315,2016-08-26 00:00:00,1129,PENDING_PAYMENT
13273,2016-08-27 00:00:00,1130,PAYMENT_REVIEW
2367,2016-08-28 00:00:00,1131,PAYMENT_REVIEW
14209,2016-08-29 00:00:00,1132,PAYMENT_REVIEW
9904,2016-08-30 00:00:00,1133,PAYMENT_REVIEW
2656,2016-08-31 00:00:00,1134,CLOSED
9288,2016-09-01 00:00:00,1135,PENDING_PAYMENT
8815,2016-09-02 00:00:00,1136,PAYMENT_REVIEW
14090,2016-09-03 00:00:00,1137,COMPLETE
7462,2016-09-04 00:00:00,1138,PAYMENT_REVIEW
13564,2016-09-05 00:00:00,1139,PROCESSING
9638,2016-09-06 00:00:00,1140,PENDING_PAYMENT
3282,2016-09-07 00:00:00,1141,PENDING_PAYMENT
1554,2016-09-08 00:00:00,1142,PROCESSING
6184,2016-09-09 00:00:00,1143,PENDING_PAYMENT
13435,2016-09-10 00:00:00,1144,CLOSED
2752,2016-09-11 00:00:00,1145,CLOSED
223,2016-09-12 00:00:00,1146,PAYMENT_REVIEW
3631,2016-09-13 00:00:00,1147,PROCESSING
9575,2016-09-14 00:00:00,1148,PAYMENT_REVIEW
4625,2016-09-15 00:00:00,1149,PROCESSING
5545,2016-09-16 00:00:00,1150,PROCESSING
2746,2016-09-17 00:00:00,1151,CLOSED
8705,2016-09-18 00:00:00,1152,PENDING_PAYMENT
12372,2016-09-19 00:00:00,1153,PAYMENT_REVIEW
1520,2016-09-20 00:00:00,1154,PROCESSING
4172,2016-09-21 00:00:00,1155,COMPLETE
5357,2016-09-22 00:00:00,1156,CLOSED
9946,2016-09-23 00:00:00,1157,CLOSED
14303,2016-09-24 00:00:00,1158,PENDING_PAYMENT
11828,2016-09-25 00:00:00,1159,PAYMENT_REVIEW
11677,2016-09-26 00:00:00,1160,COMPLETE
10249,2016-09-27 00:00:00,1161,COMPLETE
12342,2016-09-28 00:00:00,1162,PROCESSING
4700,2016-09-29 00:00:00,1163,PAYMENT_REVIEW
9207,2016-09-30 00:00:00,1164,PROCESSING
14887,2016-10-01 00:00:00,1165,COMPLETE
10716,2016-10-02 00:00:00,1166,PAYMENT_REVIEW
6469,2016-10-03 00:00:00,1167,PROCESSING
3111,2016-10-04 00:00:00,1168,CLOSED
1301,2016-10-05 00:00:00,1169,PENDING_PAYMENT
14691,2016-10-06 00:00:00,1170,COMPLETE
1750,2016-10-07 00:00:00,1171,PAYMENT_REVIEW
9208,2016-10-08 00:00:00,1172,PENDING_PAYMENT
12647,2016-10-09 00:00:00,1173,PENDING_PAYMENT
10972,2016-10-10 00:00:00,1174,PENDING_PAYMENT
570,2016-10-11 00:00:00,1175,COMPLETE
2069,2016-10-12 00:00:00,1176,CLOSED
13276,2016-10-13 00:00:00,1177,PENDING_PAYMENT
14321,2016-10-14 00:00:00,1178,PENDING_PAYMENT
13810,2016-10-15 00:00:00,1179,COMPLETE
1444,2016-10-16 00:00:00,1180,COMPLETE
10085,2016-10-17 00:00:00,1181,CLOSED
12237,2016-10-18 00:00:00,1182,COMPLETE
5435,2016-10-19 00:00:00,1183,PENDING_PAYMENT
7906,2016-10-20 00:00:00,1184,COMPLETE
7898,2016-10-21 00:00:00,1185,COMPLETE
12701,2016-10-22 00:00:00,1186,PAYMENT_REVIEW
615,2016-10-23 00:00:00,1187,PROCESSING
8091,2016-10-24 00:00:00,1188,CLOSED
8569,2016-10-25 00:00:00,1189,PROCESSING
2074,2016-10-26 00:00:00,1190,PENDING_PAYMENT
7080,2016-10-27 00:00:00,1191,COMPLETE
787,2016-10-28 00:00:00,1192,PROCESSING
6287,2016-10-29 00:00:00,1193,PROCESSING
13474,2016-10-30 00:00:00,1194,PROCESSING
13654,2016-10-31 00:00:00,1195,COMPLETE
12424,2016-11-01 00:00:00,1196,COMPLETE
12550,2016-11-02 00:00:00,1197,PAYMENT_REVIEW
9910,2016-11-03 00:00:00,1198,PROCESSING
13109,2016-11-04 00:00:00,1199,CLOSED
6167,2016-11-05 00:00:00,1200,PROCESSING
1585,2016-11-06 00:00:00,1201,PAYMENT_REVIEW
9541,2016-11-07 00:00:00,1202,COMPLETE
4234,2016-11-08 00:00:00,1203,PENDING_PAYMENT
4255,2016-11-09 00:00:00,1204,PENDING_PAYMENT
11025,2016-11-10 00:00:00,1205,PROCESSING
8759,2016-11-11 00:00:00,1206,PENDING_PAYMENT
10209,2016-11-12 00:00:00,1207,CLOSED
673,2016-11-13 00:00:00,1208,CLOSED
14111,2016-11-14 00:00:00,1209,CLOSED
1336,2016-11-15 00:00:00,1210,PAYMENT_REVIEW
4351,2016-11-16 00:00:00,1211,COMPLETE
4811,2016-11-17 00:00:00,1212,PROCESSING
10696,2016-11-18 00:00:00,1213,CLOSED
4373,2016-11-19 00:00:00,1214,PAYMENT_REVIEW
13819,2016-11-20 00:00:00,1215,PROCESSING
6155,2016-11-21 00:00:00,1216,PAYMENT_REVIEW
1860,2016-11-22 00:00:00,1217,PAYMENT_REVIEW
10207,2016-11-23 00:00:00,1218,PROCESSING
12559,2016-11-24 00:00:00,1219,PAYMENT_REVIEW
13738,2016-11-25 00:00:00,1220,PROCESSING
10557,2016-11-26 00:00:00,1221,PROCESSING
11187,2016-11-27 00:00:00,1222,CLOSED
7848,2016-11-28 00:00:00,1223,COMPLETE
13590,2016-11-29 00:00:00,1224,COMPLETE
13966,2016-11-30 00:00:00,1225,CLOSED
653,2016-12-01 00:00:00,1226,PENDING_PAYMENT
9848,2016-12-02 00:00:00,1227,PAYMENT_REVIEW
287,2016-12-03 00:00:00,1228,COMPLETE
828,2016-12-04 00:00:00,1229,COMPLETE
9368,2016-12-05 00:00:00,1230,PENDING_PAYMENT
2162,2016-12-06 00:00:00,1231,COMPLETE
12600,2016-12-07 00:00:00,1232,CLOSED
7014,2016-12-08 00:00:00,1233,CLOSED
14863,2016-12-09 00:00:00,1234,PENDING_PAYMENT
2244,2016-12-10 00:00:00,1235,PAYMENT_REVIEW
4294,2016-12-11 00:00:00,1236,PROCESSING
7270,2016-12-12 00:00:00,1237,COMPLETE
10454,2016-12-13 00:00:00,1238,PENDING_PAYMENT
5087,2016-12-14 00:00:00,1239,PENDING_PAYMENT
5823,2016-12-15 00:00:00,1240,PENDING_PAYMENT
4184,2016-12-16 00:00:00,1241,PENDING_PAYMENT
13895,2016-12-17 00:00:00,1242,PAYMENT_REVIEW
5451,2016-12-18 00:00:00,1243,PROCESSING
6502,2016-12-19 00:00:00,1244,PENDING_PAYMENT
5098,2016-12-20 00:00:00,1245,PAYMENT_REVIEW
5070,2016-12-21 00:00:00,1246,PAYMENT_REVIEW
2645,2016-12-22 00:00:00,1247,COMPLETE
13725,2016-12-23 00:00:00,1248,PENDING_PAYMENT
11923,2016-12-24 00:00:00,1249,PENDING_PAYMENT
7901,2016-12-25 00:00:00,1250,PENDING_PAYMENT
11636,2016-12-26 00:00:00,1251,CLOSED
8644,2016-12-27 00:00:00,1252,PAYMENT_REVIEW
11597,2016-12-28 00:00:00,1253,PAYMENT_REVIEW
11746,2016-12-29 00:00:00,1254,COMPLETE
11072,2016-12-30 00:00:00,1255,PENDING_PAYMENT
3853,2016-12-31 00:00:00,1256,PROCESSING
2184,2017-01-01 00:00:00,1257,PROCESSING
11296,2017-01-02 00:00:00,1258,PROCESSING
1063,2017-01-03 00:00:00,1259,COMPLETE
12917,2017-01-04 00:00:00,1260,COMPLETE
1039,2017-01-05 00:00:00,1261,CLOSED
24,2017-01-06 00:00:00,1262,PROCESSING
3228,2017-01-07 00:00:00,1263,COMPLETE
3018,2017-01-08 00:00:00,1264,PAYMENT_REVIEW
61,2017-01-09 00:00:00,1265,PROCESSING
9767,2017-01-10 00:00:00,1266,PROCESSING
9966,2017-01-11 00:00:00,1267,CLOSED
7525,2017-01-12 00:00:00,1268,COMPLETE
14469,2017-01-13 00:00:00,1269,COMPLETE
2962,2017-01-14 00:00:00,1270,PENDING_PAYMENT
9713,2017-01-15 00:00:00,1271,PROCESSING
8568,2017-01-16 00:00:00,1272,PENDING_PAYMENT
11475,2017-01-17 00:00:00,1273,PENDING_PAYMENT
1206,2017-01-18 00:00:00,1274,COMPLETE
12625,2017-01-19 00:00:00,1275,CLOSED
5262,2017-01-20 00:00:00,1276,CLOSED
8609,2017-01-21 00:00:00,1277,PAYMENT_REVIEW
14122,2017-01-22 00:00:00,1278,PENDING_PAYMENT
4732,2017-01-23 00:00:00,1279,PENDING_PAYMENT
9439,2017-01-24 00:00:00,1280,PENDING_PAYMENT
5873,2017-01-25 00:00:00,1281,CLOSED
4477,2017-01-26 00:00:00,1282,PROCESSING
5723,2017-01-27 00:00:00,1283,PENDING_PAYMENT
7851,2017-01-28 00:00:00,1284,PAYMENT_REVIEW
432,2017-01-29 00:00:00,1285,PENDING_PAYMENT
6392,2017-01-30 00:00:00,1286,PROCESSING
10875,2017-01-31 00:00:00,1287,PENDING_PAYMENT
2894,2017-02-01 00:00:00,1288,CLOSED
14136,2017-02-02 00:00:00,1289,COMPLETE
4381,2017-02-03 00:00:00,1290,CLOSED
12903,2017-02-04 00:00:00,1291,PENDING_PAYMENT
7829,2017-02-05 00:00:00,1292,COMPLETE
9771,2017-02-06 00:00:00,1293,CLOSED
4783,2017-02-07 00:00:00,1294,PENDING_PAYMENT
326,2017-02-08 00:00:00,1295,COMPLETE
6872,2017-02-09 00:00:00,1296,PROCESSING
8795,2017-02-10 00:00:00,1297,PROCESSING
11233,2017-02-11 00:00:00,1298,COMPLETE
7750,2017-02-12 00:00:00,1299,COMPLETE
13482,2017-02-13 00:00:00,1300,CLOSED
6382,2017-02-14 00:00:00,1301,CLOSED
10785,2017-02-15 00:00:00,1302,COMPLETE
11553,2017-02-16 00:00:00,1303,PAYMENT_REVIEW
12779,2017-02-17 00:00:00,1304,CLOSED
13212,2017-02-18 00:00:00,1305,PROCESSING
14557,2017-02-19 00:00:00,1306,PAYMENT_REVIEW
11073,2017-02-20 00:00:00,1307,PROCESSING
6067,2017-02-21 00:00:00,1308,PROCESSING
7006,2017-02-22 00:00:00,1309,PROCESSING
9,2017-02-23 00:00:00,1310,CLOSED
12353,2017-02-24 00:00:00,1311,COMPLETE
61,2017-02-25 00:00:00,1312,PAYMENT_REVIEW
8931,2017-02-26 00:00:00,1313,PENDING_PAYMENT
9180,2017-02-27 00:00:00,1314,PROCESSING
11427,2017-02-28 00:00:00,1315,PAYMENT_REVIEW
2693,2017-03-01 00:00:00,1316,PAYMENT_REVIEW
1895,2017-03-02 00:00:00,1317,COMPLETE
882,2017-03-03 00:00:00,1318,PENDING_PAYMENT
11913,2017-03-04 00:00:00,1319,CLOSED
5683,2017-03-05 00:00:00,1320,COMPLETE
9771,2017-03-06 00:00:00,1321,CLOSED
6264,2017-03-07 00:00:00,1322,PAYMENT_REVIEW
8906,2017-03-08 00:00:00,1323,COMPLETE
5284,2017-03-09 00:00:00,1324,PENDING_PAYMENT
12973,2017-03-10 00:00:00,1325,PROCESSING
5048,2017-03-11 00:00:00,1326,PROCESSING
3934,2017-03-12 00:00:00,1327,PAYMENT_REVIEW
14685,2017-03-13 00:00:00,1328,PENDING_PAYMENT
11096,2017-03-14 00:00:00,1329,CLOSED
11904,2017-03-15 00:00:00,1330,PENDING_PAYMENT
3274,2017-03-16 00:00:00,1331,PAYMENT_REVIEW
6959,2017-03-17 00:00:00,1332,CLOSED
13441,2017-03-18 00:00:00,1333,PENDING_PAYMENT
4283,2017-03-19 00:00:00,1334,PROCESSING
1951,2017-03-20 00:00:00,1335,COMPLETE
2750,2017-03-21 00:00:00,1336,COMPLETE
2123,2017-03-22 00:00:00,1337,PAYMENT_REVIEW
11103,2017-03-23 00:00:00,1338,PAYMENT_REVIEW
4522,2017-03-24 00:00:00,1339,PAYMENT_REVIEW
14486,2017-03-25 00:00:00,1340,PAYMENT_REVIEW
676,2017-03-26 00:00:00,1341,PROCESSING
11626,2017-03-27 00:00:00,1342,PAYMENT_REVIEW
4444,2017-03-28 00:00:00,1343,PENDING_PAYMENT
13255,2017-03-29 00:00:00,1344,PENDING_PAYMENT
11971,2017-03-30 00:00:00,1345,COMPLETE
10584,2017-03-31 00:00:00,1346,PENDING_PAYMENT
9660,2017-04-01 00:00:00,1347,PROCESSING
5856,2017-04-02 00:00:00,1348,PAYMENT_REVIEW
13388,2017-04-03 00:00:00,1349,PENDING_PAYMENT
7918,2017-04-04 00:00:00,1350,PENDING_PAYMENT
3549,2017-04-05 00:00:00,1351,PAYMENT_REVIEW
14602,2017-04-06 00:00:00,1352,COMPLETE
1940,2017-04-07 00:00:00,1353,PROCESSING
12298,2017-04-08 00:00:00,1354,PROCESSING
2059,2017-04-09 00:00:00,1355,COMPLETE
4189,2017-04-10 00:00:00,1356,COMPLETE
11670,2017-04-11 00:00:00,1357,CLOSED
1166,2017-04-12 00:00:00,1358,COMPLETE
14262,2017-04-13 00:00:00,1359,PAYMENT_REVIEW
11323,2017-04-14 00:00:00,1360,CLOSED
3774,2017-04-15 00:00:00,1361,PENDING_PAYMENT
14350,2017-04-16 00:00:00,1362,COMPLETE
13994,2017-04-17 00:00:00,1363,PROCESSING
2191,2017-04-18 00:00:00,1364,COMPLETE
7495,2017-04-19 00:00:00,1365,CLOSED
5157,2017-04-20 00:00:00,1366,PAYMENT_REVIEW
5452,2017-04-21 00:00:00,1367,CLOSED
3638,2017-04-22 00:00:00,1368,PAYMENT_REVIEW
13770,2017-04-23 00:00:00,1369,CLOSED
1877,2017-04-24 00:00:00,1370,PAYMENT_REVIEW
2359,2017-04-25 00:00:00,1371,PENDING_PAYMENT
8963,2017-04-26 00:00:00,1372,COMPLETE
3941,2017-04-27 00:00:00,1373,CLOSED
7012,2017-04-28 00:00:00,1374,PROCESSING
14752,2017-04-29 00:00:00,1375,PENDING_PAYMENT
14271,2017-04-30 00:00:00,1376,COMPLETE
9103,2017-05-01 00:00:00,1377,COMPLETE
7522,2017-05-02 00:00:00,1378,PAYMENT_REVIEW
8475,2017-05-03 00:00:00,1379,CLOSED
99,2017-05-04 00:00:00,1380,CLOSED
12559,2017-05-05 00:00:00,1381,CLOSED
474,2017-05-06 00:00:00,1382,COMPLETE
8836,2017-05-07 00:00:00,1383,COMPLETE
7745,2017-05-08 00:00:00,1384,PAYMENT_REVIEW
2268,2017-05-09 00:00:00,1385,PENDING_PAYMENT
10663,2017-05-10 00:00:00,1386,PENDING_PAYMENT
7551,2017-05-11 00:00:00,1387,CLOSED
7839,2017-05-12 00:00:00,1388,COMPLETE
14580,2017-05-13 00:00:00,1389,PAYMENT_REVIEW
4033,2017-05-14 00:00:00,1390,PROCESSING
8490,2017-05-15 00:00:00,1391,PAYMENT_REVIEW
11948,2017-05-16 00:00:00,1392,COMPLETE
14841,2017-05-17 00:00:00,1393,PROCESSING
8929,2017-05-18 00:00:00,1394,CLOSED
12290,2017-05-19 00:00:00,1395,CLOSED
8941,2017-05-20 00:00:00,1396,COMPLETE
7861,2017-05-21 00:00:00,1397,PENDING_PAYMENT
7531,2017-05-22 00:00:00,1398,PROCESSING
11358,2017-05-23 00:00:00,1399,PROCESSING
9148,2017-05-24 00:00:00,1400,CLOSED
13002,2017-05-25 00:00:00,1401,COMPLETE
7861,2017-05-26 00:00:00,1402,PROCESSING
2888,2017-05-27 00:00:00,1403,PAYMENT_REVIEW
4591,2017-05-28 00:00:00,1404,PENDING_PAYMENT
13125,2017-05-29 00:00:00,1405,COMPLETE
10345,2017-05-30 00:00:00,1406,PENDING_PAYMENT
7562,2017-05-31 00:00:00,1407,COMPLETE
6906,2017-06-01 00:00:00,1408,PAYMENT_REVIEW
11671,2017-06-02 00:00:00,1409,COMPLETE
1881,2017-06-03 00:00:00,1410,COMPLETE
12756,2017-06-04 00:00:00,1411,CLOSED
9052,2017-06-05 00:00:00,1412,CLOSED
4011,2017-06-06 00:00:00,1413,COMPLETE
11821,2017-06-07 00:00:00,1414,CLOSED
3388,2017-06-08 00:00:00,1415,PROCESSING
6000,2017-06-09 00:00:00,1416,PENDING_PAYMENT
13644,2017-06-10 00:00:00,1417,PENDING_PAYMENT
14425,2017-06-11 00:00:00,1418,PROCESSING
8599,2017-06-12 00:00:00,1419,CLOSED
9794,2017-06-13 00:00:00,1420,PAYMENT_REVIEW
1015,2017-06-14 00:00:00,1421,PENDING_PAYMENT
7164,2017-06-15 00:00:00,1422,PENDING_PAYMENT
1516,2017-06-16 00:00:00,1423,CLOSED
5615,2017-06-17 00:00:00,1424,CLOSED
10457,2017-06-18 00:00:00,1425,PAYMENT_REVIEW
12521,2017-06-19 00:00:00,1426,CLOSED
9039,2017-06-20 00:00:00,1427,COMPLETE
609,2017-06-21 00:00:00,1428,COMPLETE
2047,2017-06-22 00:00:00,1429,PENDING_PAYMENT
13624,2017-06-23 00:00:00,1430,PAYMENT_REVIEW
8521,2017-06-24 00:00:00,1431,CLOSED
1933,2017-06-25 00:00:00,1432,COMPLETE
3669,2017-06-26 00:00:00,1433,PAYMENT_REVIEW
10327,2017-06-27 00:00:00,1434,PENDING_PAYMENT
1448,2017-06-28 00:00:00,1435,PAYMENT_REVIEW
9693,2017-06-29 00:00:00,1436,PAYMENT_REVIEW
14200,2017-06-30 00:00:00,1437,COMPLETE
12824,2017-07-01 00:00:00,1438,CLOSED
14035,2017-07-02 00:00:00,1439,COMPLETE
7202,2017-07-03 00:00:00,1440,PAYMENT_REVIEW
11768,2017-07-04 00:00:00,1441,PROCESSING
10993,2017-07-05 00:00:00,1442,PENDING_PAYMENT
12338,2017-07-06 00:00:00,1443,PAYMENT_REVIEW
12676,2017-07-07 00:00:00,1444,PROCESSING
7949,2017-07-08 00:00:00,1445,PENDING_PAYMENT
14952,2017-07-09 00:00:00,1446,PAYMENT_REVIEW
4340,2017-07-10 00:00:00,1447,PROCESSING
3337,2017-07-11 00:00:00,1448,PENDING_PAYMENT
11398,2017-07-12 00:00:00,1449,COMPLETE
7140,2017-07-13 00:00:00,1450,CLOSED
2542,2017-07-14 00:00:00,1451,PAYMENT_REVIEW
12442,2017-07-15 00:00:00,1452,PROCESSING
1698,2017-07-16 00:00:00,1453,PAYMENT_REVIEW
113,2017-07-17 00:00:00,1454,COMPLETE
10776,2017-07-18 00:00:00,1455,PAYMENT_REVIEW
3048,2017-07-19 00:00:00,1456,PAYMENT_REVIEW
564,2017-07-20 00:00:00,1457,PENDING_PAYMENT
694,2017-07-21 00:00:00,1458,COMPLETE
804,2017-07-22 00:00:00,1459,PENDING_PAYMENT
10607,2017-07-23 00:00:00,1460,COMPLETE
9188,2017-07-24 00:00:00,1461,CLOSED
1844,2017-07-25 00:00:00,1462,COMPLETE
2141,2017-07-26 00:00:00,1463,PROCESSING
14439,2017-07-27 00:00:00,1464,PROCESSING
274,2017-07-28 00:00:00,1465,PAYMENT_REVIEW
1297,2017-07-29 00:00:00,1466,COMPLETE
10455,2017-07-30 00:00:00,1467,CLOSED
11330,2017-07-31 00:00:00,1468,PENDING_PAYMENT
9508,2017-08-01 00:00:00,1469,PAYMENT_REVIEW
6609,2017-08-02 00:00:00,1470,PENDING_PAYMENT
572,2017-08-03 00:00:00,1471,PROCESSING
9634,2017-08-04 00:00:00,1472,COMPLETE
8819,2017-08-05 00:00:00,1473,PAYMENT_REVIEW
14094,2017-08-06 00:00:00,1474,COMPLETE
4680,2017-08-07 00:00:00,1475,PAYMENT_REVIEW
11014,2017-08-08 00:00:00,1476,PROCESSING
14112,2017-08-09 00:00:00,1477,PENDING_PAYMENT
2968,2017-08-10 00:00:00,1478,PAYMENT_REVIEW
7513,2017-08-11 00:00:00,1479,PENDING_PAYMENT
3276,2017-08-12 00:00:00,1480,PENDING_PAYMENT
12419,2017-08-13 00:00:00,1481,CLOSED
5789,2017-08-14 00:00:00,1482,CLOSED
14694,2017-08-15 00:00:00,1483,PENDING_PAYMENT
2850,2017-08-16 00:00:00,1484,PROCESSING
2535,2017-08-17 00:00:00,1485,PENDING_PAYMENT
8078,2017-08-18 00:00:00,1486,CLOSED
10093,2017-08-19 00:00:00,1487,PAYMENT_REVIEW
2854,2017-08-20 00:00:00,1488,CLOSED
5141,2017-08-21 00:00:00,1489,CLOSED
14104,2017-08-22 00:00:00,1490,COMPLETE
10436,2017-08-23 00:00:00,1491,CLOSED
11043,2017-08-24 00:00:00,1492,COMPLETE
6646,2017-08-25 00:00:00,1493,PAYMENT_REVIEW
14956,2017-08-26 00:00:00,1494,CLOSED
7266,2017-08-27 00:00:00,1495,PAYMENT_REVIEW
6117,2017-08-28 00:00:00,1496,PENDING_PAYMENT
3263,2017-08-29 00:00:00,1497,PROCESSING
6992,2017-08-30 00:00:00,1498,PROCESSING
11278,2017-08-31 00:00:00,1499,PROCESSING
4283,2017-09-01 00:00:00,1500,PROCESSING
11801,2017-09-02 00:00:00,1501,PAYMENT_REVIEW
10665,2017-09-03 00:00:00,1502,COMPLETE
14543,2017-09-04 00:00:00,1503,PAYMENT_REVIEW
11512,2017-09-05 00:00:00,1504,PENDING_PAYMENT
6453,2017-09-06 00:00:00,1505,PROCESSING
2788,2017-09-07 00:00:00,1506,PAYMENT_REVIEW
9288,2017-09-08 00:00:00,1507,CLOSED
966,2017-09-09 00:00:00,1508,PENDING_PAYMENT
11023,2017-09-10 00:00:00,1509,COMPLETE
5184,2017-09-11 00:00:00,1510,COMPLETE
8040,2017-09-12 00:00:00,1511,PAYMENT_REVIEW
5821,2017-09-13 00:00:00,1512,PROCESSING
14303,2017-09-14 00:00:00,1513,PROCESSING
4221,2017-09-15 00:00:00,1514,PENDING_PAYMENT
6557,2017-09-16 00:00:00,1515,CLOSED
2675,2017-09-17 00:00:00,1516,CLOSED
3887,2017-09-18 00:00:00,1517,PROCESSING
14108,2017-09-19 00:00:00,1518,CLOSED
5004,2017-09-20 00:00:00,1519,COMPLETE
9492,2017-09-21 00:00:00,1520,CLOSED
3983,2017-09-22 00:00:00,1521,CLOSED
10177,2017-09-23 00:00:00,1522,COMPLETE
9384,2017-09-24 00:00:00,1523,PAYMENT_REVIEW
6602,2017-09-25 00:00:00,1524,PAYMENT_REVIEW
7496,2017-09-26 00:00:00,1525,PENDING_PAYMENT
1408,2017-09-27 00:00:00,1526,PROCESSING
3106,2017-09-28 00:00:00,1527,CLOSED
13253,2017-09-29 00:00:00,1528,PAYMENT_REVIEW
7989,2017-09-30 00:00:00,1529,PENDING_PAYMENT
10196,2017-10-01 00:00:00,1530,PENDING_PAYMENT
12783,2017-10-02 00:00:00,1531,PAYMENT_REVIEW
6077,2017-10-03 00:00:00,1532,PENDING_PAYMENT
5604,2017-10-04 00:00:00,1533,CLOSED
13854,2017-10-05 00:00:00,1534,PAYMENT_REVIEW
4493,2017-10-06 00:00:00,1535,CLOSED
3447,2017-10-07 00:00:00,1536,COMPLETE
4275,2017-10-08 00:00:00,1537,PROCESSING
2491,2017-10-09 00:00:00,1538,PAYMENT_REVIEW
14697,2017-10-10 00:00:00,1539,PENDING_PAYMENT
1535,2017-10-11 00:00:00,1540,COMPLETE
3568,2017-10-12 00:00:00,1541,PROCESSING
12359,2017-10-13 00:00:00,1542,CLOSED
6469,2017-10-14 00:00:00,1543,PROCESSING
12148,2017-10-15 00:00:00,1544,PAYMENT_REVIEW
688,2017-10-16 00:00:00,1545,PROCESSING
3411,2017-10-17 00:00:00,1546,CLOSED
11369,2017-10-18 00:00:00,1547,PENDING_PAYMENT
8515,2017-10-19 00:00:00,1548,PROCESSING
9932,2017-10-20 00:00:00,1549,PENDING_PAYMENT
9107,2017-10-21 00:00:00,1550,PAYMENT_REVIEW
4533,2017-10-22 00:00:00,1551,CLOSED
1179,2017-10-23 00:00:00,1552,PROCESSING
4518,2017-10-24 00:00:00,1553,COMPLETE
12111,2017-10-25 00:00:00,1554,PAYMENT_REVIEW
5715,2017-10-26 00:00:00,1555,PAYMENT_REVIEW
1457,2017-10-27 00:00:00,1556,PROCESSING
12242,2017-10-28 00:00:00,1557,PROCESSING
13824,2017-10-29 00:00:00,1558,PROCESSING
2638,2017-10-30 00:00:00,1559,PAYMENT_REVIEW
13326,2017-10-31 00:00:00,1560,PROCESSING
2869,2017-11-01 00:00:00,1561,COMPLETE
13162,2017-11-02 00:00:00,1562,COMPLETE
11540,2017-11-03 00:00:00,1563,CLOSED
436,2017-11-04 00:00:00,1564,PROCESSING
3591,2017-11-05 00:00:00,1565,PROCESSING
12746,2017-11-06 00:00:00,1566,PENDING_PAYMENT
2638,2017-11-07 00:00:00,1567,PENDING_PAYMENT
7709,2017-11-08 00:00:00,1568,PROCESSING
10104,2017-11-09 00:00:00,1569,PROCESSING
4833,2017-11-10 00:00:00,1570,PAYMENT_REVIEW
14792,2017-11-11 00:00:00,1571,PENDING_PAYMENT
1155,2017-11-12 00:00:00,1572,PROCESSING
10644,2017-11-13 00:00:00,1573,PROCESSING
13351,2017-11-14 00:00:00,1574,PAYMENT_REVIEW
14350,2017-11-15 00:00:00,1575,PAYMENT_REVIEW
7266,2017-11-16 00:00:00,1576,COMPLETE
11265,2017-11-17 00:00:00,1577,PAYMENT_REVIEW
4385,2017-11-18 00:00:00,1578,PAYMENT_REVIEW
8748,2017-11-19 00:00:00,1579,PENDING_PAYMENT
10861,2017-11-20 00:00:00,1580,CLOSED
227,2017-11-21 00:00:00,1581,CLOSED
7399,2017-11-22 00:00:00,1582,PROCESSING
11295,2017-11-23 00:00:00,1583,PAYMENT_REVIEW
11295,2017-11-24 00:00:00,1584,PENDING_PAYMENT
4866,2017-11-25 00:00:00,1585,COMPLETE
12323,2017-11-26 00:00:00,1586,PROCESSING
8935,2017-11-27 00:00:00,1587,PROCESSING
7219,2017-11-28 00:00:00,1588,COMPLETE
9088,2017-11-29 00:00:00,1589,PROCESSING
9736,2017-11-30 00:00:00,1590,PAYMENT_REVIEW
12635,2017-12-01 00:00:00,1591,COMPLETE
12468,2017-12-02 00:00:00,1592,PROCESSING
6893,2017-12-03 00:00:00,1593,COMPLETE
9623,2017-12-04 00:00:00,1594,PAYMENT_REVIEW
1644,2017-12-05 00:00:00,1595,PROCESSING
12298,2017-12-06 00:00:00,1596,PROCESSING
3578,2017-12-07 00:00:00,1597,COMPLETE
9046,2017-12-08 00:00:00,1598,PAYMENT_REVIEW
9469,2017-12-09 00:00:00,1599,CLOSED
7383,2017-12-10 00:00:00,1600,PROCESSING
6410,2017-12-11 00:00:00,1601,PAYMENT_REVIEW
12532,2017-12-12 00:00:00,1602,COMPLETE
9012,2017-12-13 00:00:00,1603,PAYMENT_REVIEW
62,2017-12-14 00:00:00,1604,PENDING_PAYMENT
10091,2017-12-15 00:00:00,1605,PAYMENT_REVIEW
12230,2017-12-16 00:00:00,1606,PAYMENT_REVIEW
11646,2017-12-17 00:00:00,1607,COMPLETE
14916,2017-12-18 00:00:00,1608,PROCESSING
10806,2017-12-19 00:00:00,1609,CLOSED
9074,2017-12-20 00:00:00,1610,CLOSED
12094,2017-12-21 00:00:00,1611,PAYMENT_REVIEW
3749,2017-12-22 00:00:00,1612,PROCESSING
1777,2017-12-23 00:00:00,1613,CLOSED
7057,2017-12-24 00:00:00,1614,PAYMENT_REVIEW
4619,2017-12-25 00:00:00,1615,PROCESSING
5977,2017-12-26 00:00:00,1616,COMPLETE
5086,2017-12-27 00:00:00,1617,PAYMENT_REVIEW
11175,2017-12-28 00:00:00,1618,PAYMENT_REVIEW
5474,2017-12-29 00:00:00,1619,COMPLETE
5513,2017-12-30 00:00:00,1620,PENDING_PAYMENT
7448,2017-12-31 00:00:00,1621,CLOSED
9934,2018-01-01 00:00:00,1622,PENDING_PAYMENT
8916,2018-01-02 00:00:00,1623,CLOSED
799,2018-01-03 00:00:00,1624,PAYMENT_REVIEW
11206,2018-01-04 00:00:00,1625,PENDING_PAYMENT
9585,2018-01-05 00:00:00,1626,COMPLETE
6748,2018-01-06 00:00:00,1627,PAYMENT_REVIEW
14108,2018-01-07 00:00:00,1628,CLOSED
9034,2018-01-08 00:00:00,1629,PROCESSING
14542,2018-01-09 00:00:00,1630,PAYMENT_REVIEW
9691,2018-01-10 00:00:00,1631,COMPLETE
496,2018-01-11 00:00:00,1632,CLOSED
3532,2018-01-12 00:00:00,1633,CLOSED
8552,2018-01-13 00:00:00,1634,PROCESSING
5645,2018-01-14 00:00:00,1635,PROCESSING
348,2018-01-15 00:00:00,1636,PAYMENT_REVIEW
13895,2018-01-16 00:00:00,1637,PAYMENT_REVIEW
7649,2018-01-17 00:00:00,1638,PENDING_PAYMENT
1174,2018-01-18 00:00:00,1639,PROCESSING
6556,2018-01-19 00:00:00,1640,CLOSED
7449,2018-01-20 00:00:00,1641,CLOSED
12703,2018-01-21 00:00:00,1642,CLOSED
8754,2018-01-22 00:00:00,1643,PROCESSING
6949,2018-01-23 00:00:00,1644,COMPLETE
10921,2018-01-24 00:00:00,1645,PENDING_PAYMENT
2663,2018-01-25 00:00:00,1646,PAYMENT_REVIEW
10505,2018-01-26 00:00:00,1647,PENDING_PAYMENT
1096,2018-01-27 00:00:00,1648,PROCESSING
10586,2018-01-28 00:00:00,1649,PAYMENT_REVIEW
3472,2018-01-29 00:00:00,1650,PENDING_PAYMENT
3284,2018-01-30 00:00:00,1651,PENDING_PAYMENT
10725,2018-01-31 00:00:00,1652,PROCESSING
13574,2018-02-01 00:00:00,1653,PAYMENT_REVIEW
9077,2018-02-02 00:00:00,1654,PROCESSING
7449,2018-02-03 00:00:00,1655,CLOSED
12830,2018-02-04 00:00:00,1656,CLOSED
11688,2018-02-05 00:00:00,1657,PAYMENT_REVIEW
10074,2018-02-06 00:00:00,1658,CLOSED
14011,2018-02-07 00:00:00,1659,PAYMENT_REVIEW
13780,2018-02-08 00:00:00,1660,PAYMENT_REVIEW
8967,2018-02-09 00:00:00,1661,PROCESSING
1903,2018-02-10 00:00:00,1662,PENDING_PAYMENT
2755,2018-02-11 00:00:00,1663,COMPLETE
5465,2018-02-12 00:00:00,1664,CLOSED
468,2018-02-13 00:00:00,1665,PAYMENT_REVIEW
5108,2018-02-14 00:00:00,1666,COMPLETE
4301,2018-02-15 00:00:00,1667,PAYMENT_REVIEW
14553,2018-02-16 00:00:00,1668,PAYMENT_REVIEW
7713,2018-02-17 00:00:00,1669,CLOSED
10852,2018-02-18 00:00:00,1670,PENDING_PAYMENT
4124,2018-02-19 00:00:00,1671,CLOSED
8999,2018-02-20 00:00:00,1672,PROCESSING
11692,2018-02-21 00:00:00,1673,PENDING_PAYMENT
14605,2018-02-22 00:00:00,1674,PAYMENT_REVIEW
2125,2018-02-23 00:00:00,1675,CLOSED
13216,2018-02-24 00:00:00,1676,COMPLETE
5597,2018-02-25 00:00:00,1677,COMPLETE
9027,2018-02-26 00:00:00,1678,PROCESSING
2894,2018-02-27 00:00:00,1679,PAYMENT_REVIEW
14914,2018-02-28 00:00:00,1680,PROCESSING
8756,2018-03-01 00:00:00,1681,PAYMENT_REVIEW
2174,2018-03-02 00:00:00,1682,COMPLETE
2616,2018-03-03 00:00:00,1683,PAYMENT_REVIEW
12285,2018-03-04 00:00:00,1684,CLOSED
2861,2018-03-05 00:00:00,1685,PENDING_PAYMENT
911,2018-03-06 00:00:00,1686,PENDING_PAYMENT
12241,2018-03-07 00:00:00,1687,PROCESSING
1945,2018-03-08 00:00:00,1688,COMPLETE
6066,2018-03-09 00:00:00,1689,PENDING_PAYMENT
14411,2018-03-10 00:00:00,1690,CLOSED
6310,2018-03-11 00:00:00,1691,PENDING_PAYMENT
3526,2018-03-12 00:00:00,1692,PENDING_PAYMENT
3524,2018-03-13 00:00:00,1693,PENDING_PAYMENT
12561,2018-03-14 00:00:00,1694,PROCESSING
12691,2018-03-15 00:00:00,1695,PROCESSING
1083,2018-03-16 00:00:00,1696,CLOSED
14235,2018-03-17 00:00:00,1697,COMPLETE
490,2018-03-18 00:00:00,1698,PAYMENT_REVIEW
14550,2018-03-19 00:00:00,1699,PAYMENT_REVIEW
4857,2018-03-20 00:00:00,1700,PROCESSING
1416,2018-03-21 00:00:00,1701,CLOSED
9541,2018-03-22 00:00:00,1702,PAYMENT_REVIEW
9852,2018-03-23 00:00:00,1703,PENDING_PAYMENT
1736,2018-03-24 00:00:00,1704,PAYMENT_REVIEW
5412,2018-03-25 00:00:00,1705,PENDING_PAYMENT
6531,2018-03-26 00:00:00,1706,COMPLETE
11678,2018-03-27 00:00:00,1707,PROCESSING
1508,2018-03-28 00:00:00,1708,PAYMENT_REVIEW
11356,2018-03-29 00:00:00,1709,COMPLETE
4634,2018-03-30 00:00:00,1710,PAYMENT_REVIEW
2629,2018-03-31 00:00:00,1711,PAYMENT_REVIEW
8147,2018-04-01 00:00:00,1712,CLOSED
4984,2018-04-02 00:00:00,1713,PROCESSING
2744,2018-04-03 00:00:00,1714,PROCESSING
3117,2018-04-04 00:00:00,1715,COMPLETE
9674,2018-04-05 00:00:00,1716,COMPLETE
6534,2018-04-06 00:00:00,1717,CLOSED
7473,2018-04-07 00:00:00,1718,PAYMENT_REVIEW
10487,2018-04-08 00:00:00,1719,PAYMENT_REVIEW
12472,2018-04-09 00:00:00,1720,PAYMENT_REVIEW
9338,2018-04-10 00:00:00,1721,PROCESSING
6158,2018-04-11 00:00:00,1722,CLOSED
672,2018-04-12 00:00:00,1723,PROCESSING
5994,2018-04-13 00:00:00,1724,PROCESSING
14406,2018-04-14 00:00:00,1725,COMPLETE
1991,2018-04-15 00:00:00,1726,PENDING_PAYMENT
4085,2018-04-16 00:00:00,1727,PENDING_PAYMENT
890,2018-04-17 00:00:00,1728,PAYMENT_REVIEW
3116,2018-04-18 00:00:00,1729,PENDING_PAYMENT
7444,2018-04-19 00:00:00,1730,COMPLETE
10218,2018-04-20 00:00:00,1731,PROCESSING
9874,2018-04-21 00:00:00,1732,COMPLETE
7899,2018-04-22 00:00:00,1733,PROCESSING
7537,2018-04-23 00:00:00,1734,PROCESSING
14459,2018-04-24 00:00:00,1735,CLOSED
662,2018-04-25 00:00:00,1736,PROCESSING
9267,2018-04-26 00:00:00,1737,PROCESSING
9751,2018-04-27 00:00:00,1738,PAYMENT_REVIEW
9145,2018-04-28 00:00:00,1739,PROCESSING
2357,2018-04-29 00:00:00,1740,PROCESSING
4640,2018-04-30 00:00:00,1741,CLOSED
786,2018-05-01 00:00:00,1742,COMPLETE
5162,2018-05-02 00:00:00,1743,PAYMENT_REVIEW
8505,2018-05-03 00:00:00,1744,PROCESSING
7471,2018-05-04 00:00:00,1745,COMPLETE
12086,2018-05-05 00:00:00,1746,PENDING_PAYMENT
8009,2018-05-06 00:00:00,1747,CLOSED
3390,2018-05-07 00:00:00,1748,PROCESSING
6301,2018-05-08 00:00:00,1749,CLOSED
9797,2018-05-09 00:00:00,1750,CLOSED
12175,2018-05-10 00:00:00,1751,PENDING_PAYMENT
13510,2018-05-11 00:00:00,1752,PROCESSING
1013,2018-05-12 00:00:00,1753,PROCESSING
4245,2018-05-13 00:00:00,1754,PENDING_PAYMENT
7384,2018-05-14 00:00:00,1755,COMPLETE
12303,2018-05-15 00:00:00,1756,COMPLETE
8660,2018-05-16 00:00:00,1757,PENDING_PAYMENT
9416,2018-05-17 00:00:00,1758,PAYMENT_REVIEW
1608,2018-05-18 00:00:00,1759,PENDING_PAYMENT
14562,2018-05-19 00:00:00,1760,COMPLETE
7927,2018-05-20 00:00:00,1761,PENDING_PAYMENT
11950,2018-05-21 00:00:00,1762,PAYMENT_REVIEW
6812,2018-05-22 00:00:00,1763,PAYMENT_REVIEW
12147,2018-05-23 00:00:00,1764,PENDING_PAYMENT
1352,2018-05-24 00:00:00,1765,COMPLETE
6500,2018-05-25 00:00:00,1766,PENDING_PAYMENT
980,2018-05-26 00:00:00,1767,COMPLETE
13346,2018-05-27 00:00:00,1768,PAYMENT_REVIEW
304,2018-05-28 00:00:00,1769,CLOSED
3757,2018-05-29 00:00:00,1770,CLOSED
999,2018-05-30 00:00:00,1771,COMPLETE
4863,2018-05-31 00:00:00,1772,PROCESSING
3641,2018-06-01 00:00:00,1773,PENDING_PAYMENT
1117,2018-06-02 00:00:00,1774,COMPLETE
12370,2018-06-03 00:00:00,1775,CLOSED
12882,2018-06-04 00:00:00,1776,PAYMENT_REVIEW
10670,2018-06-05 00:00:00,1777,COMPLETE
12639,2018-06-06 00:00:00,1778,CLOSED
3415,2018-06-07 00:00:00,1779,COMPLETE
8900,2018-06-08 00:00:00,1780,PROCESSING
11489,2018-06-09 00:00:00,1781,CLOSED
10288,2018-06-10 00:00:00,1782,PROCESSING
13187,2018-06-11 00:00:00,1783,PENDING_PAYMENT
13299,2018-06-12 00:00:00,1784,PENDING_PAYMENT
6665,2018-06-13 00:00:00,1785,PENDING_PAYMENT
12518,2018-06-14 00:00:00,1786,PAYMENT_REVIEW
4775,2018-06-15 00:00:00,1787,COMPLETE
3259,2018-06-16 00:00:00,1788,CLOSED
12933,2018-06-17 00:00:00,1789,PAYMENT_REVIEW
11991,2018-06-18 00:00:00,1790,COMPLETE
9574,2018-06-19 00:00:00,1791,PROCESSING
14984,2018-06-20 00:00:00,1792,PENDING_PAYMENT
8423,2018-06-21 00:00:00,1793,COMPLETE
1453,2018-06-22 00:00:00,1794,PAYMENT_REVIEW
8738,2018-06-23 00:00:00,1795,PAYMENT_REVIEW
11440,2018-06-24 00:00:00,1796,PROCESSING
5444,2018-06-25 00:00:00,1797,PENDING_PAYMENT
8338,2018-06-26 00:00:00,1798,CLOSED
11630,2018-06-27 00:00:00,1799,CLOSED
752,2018-06-28 00:00:00,1800,COMPLETE
14189,2018-06-29 00:00:00,1801,CLOSED
13037,2018-06-30 00:00:00,1802,CLOSED
6240,2018-07-01 00:00:00,1803,PENDING_PAYMENT
13273,2018-07-02 00:00:00,1804,CLOSED
722,2018-07-03 00:00:00,1805,PENDING_PAYMENT
7997,2018-07-04 00:00:00,1806,PENDING_PAYMENT
13561,2018-07-05 00:00:00,1807,COMPLETE
2582,2018-07-06 00:00:00,1808,PENDING_PAYMENT
3309,2018-07-07 00:00:00,1809,PAYMENT_REVIEW
6123,2018-07-08 00:00:00,1810,CLOSED
4207,2018-07-09 00:00:00,1811,PENDING_PAYMENT
4370,2018-07-10 00:00:00,1812,PAYMENT_REVIEW
8391,2018-07-11 00:00:00,1813,COMPLETE
267,2018-07-12 00:00:00,1814,COMPLETE
11186,2018-07-13 00:00:00,1815,PROCESSING
14017,2018-07-14 00:00:00,1816,PAYMENT_REVIEW
11935,2018-07-15 00:00:00,1817,PROCESSING
5282,2018-07-16 00:00:00,1818,COMPLETE
13002,2018-07-17 00:00:00,1819,CLOSED
2457,2018-07-18 00:00:00,1820,PROCESSING
13576,2018-07-19 00:00:00,1821,PAYMENT_REVIEW
7778,2018-07-20 00:00:00,1822,PAYMENT_REVIEW
2348,2018-07-21 00:00:00,1823,COMPLETE
6591,2018-07-22 00:00:00,1824,PAYMENT_REVIEW
9125,2018-07-23 00:00:00,1825,PROCESSING
11839,2018-07-24 00:00:00,1826,CLOSED
3618,2018-07-25 00:00:00,1827,COMPLETE
844,2018-07-26 00:00:00,1828,PENDING_PAYMENT
11702,2018-07-27 00:00:00,1829,CLOSED
7283,2018-07-28 00:00:00,1830,CLOSED
589,2018-07-29 00:00:00,1831,CLOSED
8080,2018-07-30 00:00:00,1832,COMPLETE
10590,2018-07-31 00:00:00,1833,COMPLETE
882,2018-08-01 00:00:00,1834,PROCESSING
13288,2018-08-02 00:00:00,1835,COMPLETE
9398,2018-08-03 00:00:00,1836,PROCESSING
5682,2018-08-04 00:00:00,1837,CLOSED
444,2018-08-05 00:00:00,1838,COMPLETE
12608,2018-08-06 00:00:00,1839,PENDING_PAYMENT
5015,2018-08-07 00:00:00,1840,PAYMENT_REVIEW
11326,2018-08-08 00:00:00,1841,PAYMENT_REVIEW
4482,2018-08-09 00:00:00,1842,PENDING_PAYMENT
12867,2018-08-10 00:00:00,1843,PROCESSING
7912,2018-08-11 00:00:00,1844,PAYMENT_REVIEW
2916,2018-08-12 00:00:00,1845,PROCESSING
5701,2018-08-13 00:00:00,1846,CLOSED
7879,2018-08-14 00:00:00,1847,PROCESSING
695,2018-08-15 00:00:00,1848,PROCESSING
7449,2018-08-16 00:00:00,1849,COMPLETE
12071,2018-08-17 00:00:00,1850,COMPLETE
3555,2018-08-18 00:00:00,1851,PENDING_PAYMENT
14112,2018-08-19 00:00:00,1852,CLOSED
7975,2018-08-20 00:00:00,1853,PENDING_PAYMENT
4111,2018-08-21 00:00:00,1854,COMPLETE
13931,2018-08-22 00:00:00,1855,PENDING_PAYMENT
12856,2018-08-23 00:00:00,1856,PROCESSING
9548,2018-08-24 00:00:00,1857,COMPLETE
13403,2018-08-25 00:00:00,1858,PAYMENT_REVIEW
9792,2018-08-26 00:00:00,1859,PAYMENT_REVIEW
6398,2018-08-27 00:00:00,1860,PAYMENT_REVIEW
2814,2018-08-28 00:00:00,1861,PENDING_PAYMENT
4360,2018-08-29 00:00:00,1862,PROCESSING
6539,2018-08-30 00:00:00,1863,PROCESSING
2884,2018-08-31 00:00:00,1864,CLOSED
8228,2018-09-01 00:00:00,1865,COMPLETE
10796,2018-09-02 00:00:00,1866,CLOSED
10023,2018-09-03 00:00:00,1867,CLOSED
8010,2018-09-04 00:00:00,1868,CLOSED
2274,2018-09-05 00:00:00,1869,PAYMENT_REVIEW
6558,2018-09-06 00:00:00,1870,CLOSED
7458,2018-09-07 00:00:00,1871,PENDING_PAYMENT
5772,2018-09-08 00:00:00,1872,PAYMENT_REVIEW
9205,2018-09-09 00:00:00,1873,PROCESSING
4488,2018-09-10 00:00:00,1874,PAYMENT_REVIEW
4514,2018-09-11 00:00:00,1875,PAYMENT_REVIEW
9015,2018-09-12 00:00:00,1876,PROCESSING
7199,2018-09-13 00:00:00,1877,COMPLETE
10391,2018-09-14 00:00:00,1878,COMPLETE
13076,2018-09-15 00:00:00,1879,COMPLETE
1255,2018-09-16 00:00:00,1880,PENDING_PAYMENT
2794,2018-09-17 00:00:00,1881,PROCESSING
12885,2018-09-18 00:00:00,1882,CLOSED
2294,2018-09-19 00:00:00,1883,PROCESSING
9027,2018-09-20 00:00:00,1884,CLOSED
7275,2018-09-21 00:00:00,1885,PENDING_PAYMENT
265,2018-09-22 00:00:00,1886,COMPLETE
5441,2018-09-23 00:00:00,1887,CLOSED
11319,2018-09-24 00:00:00,1888,COMPLETE
958,2018-09-25 00:00:00,1889,PROCESSING
13055,2018-09-26 00:00:00,1890,COMPLETE
7836,2018-09-27 00:00:00,1891,PROCESSING
13114,2018-09-28 00:00:00,1892,PAYMENT_REVIEW
9309,2018-09-29 00:00:00,1893,PROCESSING
5280,2018-09-30 00:00:00,1894,COMPLETE
13126,2018-10-01 00:00:00,1895,PROCESSING
8482,2018-10-02 00:00:00,1896,CLOSED
5275,2018-10-03 00:00:00,1897,COMPLETE
3664,2018-10-04 00:00:00,1898,PAYMENT_REVIEW
4123,2018-10-05 00:00:00,1899,PROCESSING
6500,2018-10-06 00:00:00,1900,PAYMENT_REVIEW
4008,2018-10-07 00:00:00,1901,PROCESSING
89,2018-10-08 00:00:00,1902,CLOSED
2372,2018-10-09 00:00:00,1903,COMPLETE
14561,2018-10-10 00:00:00,1904,PROCESSING
1052,2018-10-11 00:00:00,1905,COMPLETE
835,2018-10-12 00:00:00,1906,COMPLETE
7966,2018-10-13 00:00:00,1907,PENDING_PAYMENT
10457,2018-10-14 00:00:00,1908,PROCESSING
11671,2018-10-15 00:00:00,1909,PENDING_PAYMENT
6619,2018-10-16 00:00:00,1910,PAYMENT_REVIEW
3205,2018-10-17 00:00:00,1911,PAYMENT_REVIEW
10691,2018-10-18 00:00:00,1912,COMPLETE
11164,2018-10-19 00:00:00,1913,PROCESSING
14875,2018-10-20 00:00:00,1914,CLOSED
9570,2018-10-21 00:00:00,1915,PROCESSING
11789,2018-10-22 00:00:00,1916,PENDING_PAYMENT
11288,2018-10-23 00:00:00,1917,PROCESSING
207,2018-10-24 00:00:00,1918,CLOSED
10731,2018-10-25 00:00:00,1919,PAYMENT_REVIEW
12697,2018-10-26 00:00:00,1920,PROCESSING
2457,2018-10-27 00:00:00,1921,PENDING_PAYMENT
14694,2018-10-28 00:00:00,1922,PENDING_PAYMENT
12448,2018-10-29 00:00:00,1923,PAYMENT_REVIEW
9170,2018-10-30 00:00:00,1924,COMPLETE
3320,2018-10-31 00:00:00,1925,PENDING_PAYMENT
6977,2018-11-01 00:00:00,1926,PROCESSING
6287,2018-11-02 00:00:00,1927,PAYMENT_REVIEW
13418,2018-11-03 00:00:00,1928,PENDING_PAYMENT
3237,2018-11-04 00:00:00,1929,PROCESSING
3724,2018-11-05 00:00:00,1930,COMPLETE
3729,2018-11-06 00:00:00,1931,PROCESSING
11401,2018-11-07 00:00:00,1932,PENDING_PAYMENT
11131,2018-11-08 00:00:00,1933,PROCESSING
2404,2018-11-09 00:00:00,1934,PENDING_PAYMENT
2082,2018-11-10 00:00:00,1935,PENDING_PAYMENT
7135,2018-11-11 00:00:00,1936,CLOSED
14924,2018-11-12 00:00:00,1937,CLOSED
14803,2018-11-13 00:00:00,1938,COMPLETE
839,2018-11-14 00:00:00,1939,PROCESSING
4839,2018-11-15 00:00:00,1940,PENDING_PAYMENT
6776,2018-11-16 00:00:00,1941,PAYMENT_REVIEW
4071,2018-11-17 00:00:00,1942,COMPLETE
5265,2018-11-18 00:00:00,1943,PROCESSING
1987,2018-11-19 00:00:00,1944,CLOSED
265,2018-11-20 00:00:00,1945,PENDING_PAYMENT
1307,2018-11-21 00:00:00,1946,COMPLETE
12252,2018-11-22 00:00:00,1947,CLOSED
6119,2018-11-23 00:00:00,1948,PROCESSING
113,2018-11-24 00:00:00,1949,PROCESSING
5498,2018-11-25 00:00:00,1950,PAYMENT_REVIEW
12288,2018-11-26 00:00:00,1951,COMPLETE
10350,2018-11-27 00:00:00,1952,PENDING_PAYMENT
14341,2018-11-28 00:00:00,1953,PROCESSING
2445,2018-11-29 00:00:00,1954,PAYMENT_REVIEW
3211,2018-11-30 00:00:00,1955,PENDING_PAYMENT
9724,2018-12-01 00:00:00,1956,PENDING_PAYMENT
14863,2018-12-02 00:00:00,1957,PROCESSING
5990,2018-12-03 00:00:00,1958,COMPLETE
11044,2018-12-04 00:00:00,1959,CLOSED
14976,2018-12-05 00:00:00,1960,PROCESSING
1226,2018-12-06 00:00:00,1961,PAYMENT_REVIEW
7382,2018-12-07 00:00:00,1962,CLOSED
5615,2018-12-08 00:00:00,1963,PAYMENT_REVIEW
6403,2018-12-09 00:00:00,1964,CLOSED
11964,2018-12-10 00:00:00,1965,CLOSED
6982,2018-12-11 00:00:00,1966,COMPLETE
4771,2018-12-12 00:00:00,1967,PROCESSING
13466,2018-12-13 00:00:00,1968,PENDING_PAYMENT
5854,2018-12-14 00:00:00,1969,CLOSED
3765,2018-12-15 00:00:00,1970,PAYMENT_REVIEW
5143,2018-12-16 00:00:00,1971,CLOSED
1361,2018-12-17 00:00:00,1972,CLOSED
184,2018-12-18 00:00:00,1973,COMPLETE
11763,2018-12-19 00:00:00,1974,CLOSED
5006,2018-12-20 00:00:00,1975,PAYMENT_REVIEW
9189,2018-12-21 00:00:00,1976,PROCESSING
13187,2018-12-22 00:00:00,1977,COMPLETE
11776,2018-12-23 00:00:00,1978,PENDING_PAYMENT
5644,2018-12-24 00:00:00,1979,PENDING_PAYMENT
11129,2018-12-25 00:00:00,1980,CLOSED
8087,2018-12-26 00:00:00,1981,PENDING_PAYMENT
1069,2018-12-27 00:00:00,1982,PENDING_PAYMENT
1923,2018-12-28 00:00:00,1983,CLOSED
9835,2018-12-29 00:00:00,1984,PENDING_PAYMENT
12713,2018-12-30 00:00:00,1985,PENDING_PAYMENT
8861,2018-12-31 00:00:00,1986,PROCESSING
6295,2019-01-01 00:00:00,1987,CLOSED
6333,2019-01-02 00:00:00,1988,COMPLETE
8080,2019-01-03 00:00:00,1989,PENDING_PAYMENT
6609,2019-01-04 00:00:00,1990,PENDING_PAYMENT
1117,2019-01-05 00:00:00,1991,PENDING_PAYMENT
2975,2019-01-06 00:00:00,1992,COMPLETE
8329,2019-01-07 00:00:00,1993,PROCESSING
4646,2019-01-08 00:00:00,1994,PROCESSING
6669,2019-01-09 00:00:00,1995,PAYMENT_REVIEW
4052,2019-01-10 00:00:00,1996,CLOSED
10873,2019-01-11 00:00:00,1997,CLOSED
1541,2019-01-12 00:00:00,1998,COMPLETE
1201,2019-01-13 00:00:00,1999,COMPLETE
7122,2019-01-14 00:00:00,2000,COMPLETE
