order_item_id,order_item_order_id,order_item_product_id,order_item_product_price,order_item_quantity,order_item_subtotal
1,1827,1636,114.56,9,1031.04
2,645,1489,89.7,9,807.3000000000001
3,1460,548,243.85,8,1950.8
4,1833,1820,224.75,3,674.25
5,580,507,16.75,2,33.5
6,1822,757,93.89,9,845.01
7,117,1790,386.23,3,1158.69
8,267,750,414.45,4,1657.8
9,1086,1789,462.32,3,1386.96
10,1344,730,318.42,3,955.26
11,1007,99,67.83,6,406.98
12,1630,1050,406.25,1,406.25
13,1611,222,425.5,5,2127.5
14,1744,719,225.27,1,225.27
15,2,779,89.82,7,628.74
16,1849,601,399.56,5,1997.8
17,1284,1731,142.12,3,426.36
18,1150,859,237.71,6,1426.26
19,1841,593,79.24,5,396.2
20,959,834,260.53,1,260.53
21,1346,1784,322.84,4,1291.36
22,954,1727,364.81,6,2188.86
23,1547,1087,259.27,2,518.54
24,1760,712,55.55,6,333.29999999999995
25,60,1674,441.17,5,2205.85
26,1059,1170,434.36,5,2171.8
27,1216,816,37.25,3,111.75
28,1848,875,23.7,5,118.5
29,638,618,259.8,3,779.4000000000001
30,182,469,239.31,9,2153.79
31,1793,1169,183.36,6,1100.16
32,1506,1079,357.83,1,357.83
33,195,71,437.21,7,3060.47
34,846,990,346.1,8,2768.8
35,1069,1193,385.83,4,1543.32
36,220,1423,447.83,9,4030.47
37,893,1867,60.27,4,241.08
38,748,472,324.9,5,1624.5
39,1109,821,392.44,4,1569.76
40,1998,874,208.97,3,626.91
41,348,601,121.62,8,972.96
42,826,13,23.08,3,69.24
43,567,1377,89.42,2,178.84
44,1621,545,131.38,7,919.66
45,309,21,350.46,8,2803.68
46,185,302,482.58,9,4343.22
47,1936,1097,280.33,9,2522.97
48,257,1219,231.36,2,462.72
49,1584,1789,112.03,6,672.1800000000001
50,1948,142,335.15,9,3016.35
51,1499,661,90.81,3,272.43
52,1399,592,361.9,6,2171.3999999999996
53,422,217,473.48,6,2840.88
54,1992,682,345.44,7,2418.08
55,1721,324,451.53,6,2709.18
56,1686,212,486.81,9,4381.29
57,1576,796,190.93,9,1718.3700000000001
58,1867,241,19.63,3,58.89
59,1292,27,83.07,3,249.20999999999998
60,1419,1850,175.93,2,351.86
61,1130,704,388.58,9,3497.22
62,691,63,362.59,5,1812.9499999999998
63,546,702,370.45,9,3334.0499999999997
64,462,923,275.39,1,275.39
65,67,23,101.48,3,304.44
66,850,246,445.95,9,4013.5499999999997
67,882,1867,231.31,2,462.62
68,1119,369,358.49,3,1075.47
69,166,200,448.12,6,2688.7200000000003
70,422,316,229.14,1,229.14
71,698,1988,186.18,7,1303.26
72,860,59,329.26,8,2634.08
73,1678,1938,397.61,3,1192.83
74,1223,928,172.08,7,1204.5600000000002
75,462,944,379.17,2,758.34
76,1454,276,338.09,1,338.09
77,198,1269,145.87,5,729.35
78,1846,1547,173.41,3,520.23
79,1978,1951,208.76,4,835.04
80,1313,1904,359.69,8,2877.52
81,1324,412,11.02,1,11.02
82,1440,640,135.57,9,1220.1299999999999
83,744,1413,287.64,3,862.92
84,998,262,116.03,7,812.21
85,823,302,456.45,9,4108.05
86,445,900,450.75,7,3155.25
87,667,151,125.02,9,1125.18
88,1554,1350,250.24,1,250.24
89,518,612,379.2,1,379.2
90,1759,1063,395.51,5,1977.55
91,1412,383,432.09,4,1728.36
92,1436,168,274.31,7,1920.17
93,1015,1280,364.76,8,2918.08
94,1506,1149,172.67,9,1554.03
95,1392,1708,383.0,2,766.0
96,1379,937,145.21,1,145.21
97,1182,588,160.85,9,1447.6499999999999
98,1505,88,72.18,8,577.44
99,887,1139,88.95,5,444.75
100,1864,914,272.96,4,1091.84
101,1301,1914,75.65,8,605.2
102,582,1527,315.74,8,2525.92
103,841,151,140.71,7,984.97
104,827,379,421.58,9,3794.22
105,1675,925,434.78,1,434.78
106,1277,909,369.19,4,1476.76
107,1608,796,296.18,7,2073.26
108,322,1994,221.56,7,1550.92
109,1175,852,13.45,5,67.25
110,1488,304,268.68,7,1880.76
111,1591,215,161.27,6,967.6200000000001
112,489,279,187.53,1,187.53
113,1455,1880,270.71,1,270.71
114,1200,1929,231.55,8,1852.4
115,454,541,293.05,6,1758.3000000000002
116,399,1356,192.36,3,577.08
117,1399,1012,145.86,7,1021.0200000000001
118,184,1475,172.14,5,860.6999999999999
119,969,234,197.23,4,788.92
120,868,1963,458.11,3,1374.33
121,1902,1037,328.91,4,1315.64
122,1957,433,494.43,9,4449.87
123,340,1782,297.41,4,1189.64
124,1779,532,456.67,4,1826.68
125,361,1544,284.52,4,1138.08
126,679,945,322.18,8,2577.44
127,594,838,95.42,3,286.26
128,1823,932,53.37,3,160.10999999999999
129,920,1064,122.31,9,1100.79
130,1902,290,339.78,6,2038.6799999999998
131,1317,946,36.09,9,324.81000000000006
132,944,382,396.21,9,3565.89
133,210,21,432.72,6,2596.32
134,1148,799,204.85,5,1024.25
135,1428,1959,287.2,5,1436.0
136,1413,1497,358.94,9,3230.46
137,937,1627,340.29,4,1361.16
138,1743,1083,128.59,9,1157.31
139,526,1167,322.17,3,966.51
140,931,1312,298.65,7,2090.5499999999997
141,1521,195,277.45,1,277.45
142,674,1955,325.81,4,1303.24
143,1658,849,25.79,1,25.79
144,1304,1043,393.91,2,787.82
145,1627,1790,425.67,4,1702.68
146,1063,1222,265.61,4,1062.44
147,33,1360,390.28,6,2341.68
148,1437,1491,148.34,9,1335.06
149,343,994,105.8,4,423.2
150,597,1115,430.23,5,2151.15
151,434,917,41.92,9,377.28000000000003
152,944,1290,425.06,8,3400.48
153,432,897,41.29,8,330.32
154,237,436,249.49,4,997.96
155,937,449,408.61,2,817.22
156,390,901,450.63,5,2253.15
157,1673,1578,44.48,6,266.88
158,753,472,39.71,9,357.39
159,1081,480,90.2,3,270.6
160,490,1404,74.04,2,148.08
161,886,931,120.06,7,840.4200000000001
162,1267,1814,330.18,7,2311.26
163,1804,502,439.51,8,3516.08
164,1010,1725,379.24,3,1137.72
165,1920,847,246.15,8,1969.2
166,1986,637,332.95,8,2663.6
167,1906,1426,317.0,4,1268.0
168,594,1477,438.66,2,877.32
169,1266,1008,336.37,2,672.74
170,682,1253,284.64,5,1423.1999999999998
171,321,1306,219.88,8,1759.04
172,1008,1300,463.76,9,4173.84
173,641,538,172.76,8,1382.08
174,420,1891,311.46,2,622.92
175,226,1241,79.25,4,317.0
176,596,1914,422.17,4,1688.68
177,667,544,427.22,7,2990.54
178,366,995,263.72,7,1846.0400000000002
179,1047,669,178.13,6,1068.78
180,1994,184,33.13,9,298.17
181,981,868,348.77,1,348.77
182,1259,1293,73.95,6,443.70000000000005
183,1199,659,39.45,5,197.25
184,367,1464,490.93,6,2945.58
185,700,1939,119.15,2,238.3
186,1095,1669,196.6,2,393.2
187,1940,339,443.57,9,3992.13
188,1913,354,59.52,6,357.12
189,59,933,50.41,4,201.64
190,1207,25,233.96,1,233.96
191,641,1102,460.79,7,3225.53
192,1654,1368,437.26,2,874.52
193,1337,1607,157.12,9,1414.08
194,939,324,371.32,8,2970.56
195,1018,1199,208.91,4,835.64
196,999,616,291.55,2,583.1
197,118,1989,483.16,3,1449.48
198,195,45,380.04,4,1520.16
199,1702,1147,465.33,7,3257.31
200,36,1120,193.04,6,1158.24
201,822,1397,384.53,3,1153.59
202,636,543,243.46,1,243.46
203,682,1928,174.73,2,349.46
204,517,86,400.85,9,3607.65
205,1030,1514,145.94,2,291.88
206,1862,1387,465.44,1,465.44
207,614,1903,158.61,9,1427.4900000000002
208,673,1199,65.1,8,520.8
209,1496,1285,314.27,2,628.54
210,171,1091,91.3,6,547.8
211,190,975,251.17,5,1255.85
212,1550,418,32.61,4,130.44
213,970,1797,296.12,7,2072.84
214,1077,986,217.99,5,1089.95
215,17,1835,72.1,2,144.2
216,31,1774,100.75,7,705.25
217,478,324,418.16,6,2508.96
218,1669,1575,474.96,9,4274.639999999999
219,32,403,365.42,8,2923.36
220,653,1907,96.94,6,581.64
221,697,1525,494.42,1,494.42
222,232,814,336.69,3,1010.0699999999999
223,1188,226,317.16,7,2220.1200000000003
224,801,1050,295.78,4,1183.12
225,101,124,30.13,2,60.26
226,510,1747,279.55,8,2236.4
227,86,1358,369.88,8,2959.04
228,1878,1003,219.31,4,877.24
229,704,1974,495.44,4,1981.76
230,1404,1341,383.45,6,2300.7
231,190,940,17.04,5,85.19999999999999
232,95,1594,347.89,5,1739.4499999999998
233,1854,21,480.31,5,2401.55
234,1381,584,42.68,9,384.12
235,1800,1797,173.08,5,865.4000000000001
236,1172,1803,287.46,5,1437.3
237,1697,197,498.5,9,4486.5
238,54,422,154.7,9,1392.3
239,693,904,63.74,1,63.74
240,822,1293,182.17,3,546.51
241,1238,1748,391.48,7,2740.36
242,1157,1282,89.77,5,448.84999999999997
243,158,1834,332.14,6,1992.84
244,1784,1891,183.93,6,1103.58
245,1015,793,454.27,9,4088.43
246,135,657,384.38,4,1537.52
247,1207,1623,492.66,5,2463.3
248,740,1038,154.89,8,1239.12
249,519,129,485.35,5,2426.75
250,607,992,58.56,2,117.12
251,608,836,227.34,4,909.36
252,722,25,211.48,8,1691.84
253,139,1983,73.45,3,220.35000000000002
254,440,1198,423.67,3,1271.01
255,1293,1142,192.62,7,1348.3400000000001
256,370,1953,283.48,4,1133.92
257,1618,179,158.31,1,158.31
258,959,590,124.26,3,372.78000000000003
259,9,265,448.99,8,3591.92
260,1812,1105,410.95,9,3698.5499999999997
261,52,608,361.87,4,1447.48
262,1567,585,151.56,2,303.12
263,445,703,291.21,3,873.6299999999999
264,1841,586,67.3,7,471.09999999999997
265,1368,478,152.06,2,304.12
266,887,677,468.0,8,3744.0
267,1193,1984,58.06,1,58.06
268,873,1805,177.91,8,1423.28
269,1,1938,259.68,4,1038.72
270,864,1494,176.61,4,706.44
271,653,1738,332.27,9,2990.43
272,41,1200,454.28,8,3634.24
273,243,1743,434.6,7,3042.2000000000003
274,1965,721,186.8,8,1494.4
275,1153,1035,293.81,9,2644.29
276,428,681,196.62,8,1572.96
277,828,1935,225.33,3,675.99
278,1747,1629,293.66,1,293.66
279,579,664,306.01,5,1530.05
280,1015,723,309.57,7,2166.99
281,566,172,114.25,2,228.5
282,1853,1995,192.55,8,1540.4
283,1661,605,193.31,4,773.24
284,1985,1120,134.71,6,808.26
285,520,1732,64.31,2,128.62
286,196,147,162.74,9,1464.66
287,911,1230,495.35,9,4458.150000000001
288,1090,452,237.28,4,949.12
289,50,1282,79.28,4,317.12
290,1945,586,399.85,6,2399.1000000000004
291,1738,590,34.91,5,174.54999999999998
292,1441,1538,417.06,9,3753.54
293,147,460,29.19,3,87.57000000000001
294,620,1431,301.72,2,603.44
295,1119,556,260.67,5,1303.3500000000001
296,1621,1016,279.57,6,1677.42
297,1616,1649,112.43,7,787.01
298,1791,1639,197.69,1,197.69
299,146,192,264.52,4,1058.08
300,1729,1361,130.32,6,781.92
301,570,1979,204.49,1,204.49
302,330,1140,163.35,6,980.0999999999999
303,12,1365,339.36,6,2036.16
304,869,1414,133.26,7,932.8199999999999
305,819,1367,396.71,3,1190.1299999999999
306,786,472,481.67,7,3371.69
307,1341,1328,497.03,9,4473.2699999999995
308,1131,763,258.48,4,1033.92
309,150,386,177.05,1,177.05
310,1322,1955,201.25,7,1408.75
311,426,1629,345.54,6,2073.2400000000002
312,1472,455,130.03,3,390.09000000000003
313,1884,1335,412.55,4,1650.2
314,468,418,412.01,4,1648.04
315,1162,1672,481.21,5,2406.0499999999997
316,1205,621,132.5,8,1060.0
317,1830,1816,30.76,4,123.04
318,1160,1043,322.76,2,645.52
319,748,1784,289.03,5,1445.1499999999999
320,610,1610,282.57,1,282.57
321,601,591,414.38,5,2071.9
322,1019,296,197.24,2,394.48
323,654,63,286.91,9,2582.19
324,364,226,344.24,8,2753.92
325,1477,529,104.38,5,521.9
326,1373,330,367.95,4,1471.8
327,50,201,224.7,6,1348.1999999999998
328,648,810,62.31,5,311.55
329,1458,1833,413.31,8,3306.48
330,1753,70,30.82,5,154.1
331,103,1889,105.58,8,844.64
332,166,1699,329.47,8,2635.76
333,1467,386,328.0,8,2624.0
334,1395,1124,247.01,5,1235.05
335,729,208,486.12,1,486.12
336,123,1727,213.5,9,1921.5
337,206,314,458.27,8,3666.16
338,95,1858,91.67,7,641.69
339,103,1943,342.73,9,3084.57
340,301,121,114.45,1,114.45
341,1402,181,497.79,3,1493.3700000000001
342,1525,486,378.51,8,3028.08
343,1012,931,52.23,5,261.15
344,1335,1387,201.75,5,1008.75
345,1901,1677,125.14,2,250.28
346,641,30,342.19,9,3079.71
347,1569,1479,428.2,4,1712.8
348,1841,1613,397.35,8,3178.8
349,1311,1257,338.43,9,3045.87
350,176,1437,213.73,2,427.46
351,1636,1341,287.24,4,1148.96
352,1325,1088,25.67,4,102.68
353,1520,1461,352.08,8,2816.64
354,435,301,330.64,1,330.64
355,458,1186,493.95,4,1975.8
356,1874,444,223.77,2,447.54
357,1190,1786,27.15,5,135.75
358,204,410,443.8,6,2662.8
359,1374,617,192.25,8,1538.0
360,197,415,404.77,7,2833.39
361,186,1423,103.87,6,623.22
362,1666,1244,44.49,5,222.45000000000002
363,1971,964,261.25,9,2351.25
364,161,1713,105.73,5,528.65
365,794,335,85.06,2,170.12
366,1645,984,364.27,4,1457.08
367,311,641,51.3,8,410.4
368,1503,1020,338.29,8,2706.32
369,808,443,130.2,1,130.2
370,772,477,437.32,4,1749.28
371,1808,396,34.68,5,173.4
372,484,198,107.57,9,968.1299999999999
373,1426,670,406.76,5,2033.8
374,1632,601,22.68,6,136.07999999999998
375,408,784,466.62,6,2799.7200000000003
376,421,549,313.89,8,2511.12
377,572,1615,278.95,1,278.95
378,1765,397,352.88,7,2470.16
379,1489,92,384.84,1,384.84
380,273,1070,402.8,6,2416.8
381,982,970,493.69,1,493.69
382,369,1278,429.15,3,1287.4499999999998
383,1850,603,116.26,4,465.04
384,1020,90,395.19,7,2766.33
385,192,1648,466.33,1,466.33
386,456,663,43.01,8,344.08
387,720,273,224.37,6,1346.22
388,1926,1819,280.65,9,2525.85
389,1921,699,392.1,6,2352.6000000000004
390,134,1264,257.24,8,2057.92
391,561,418,355.94,7,2491.58
392,574,1621,474.78,3,1424.34
393,32,1678,223.97,3,671.91
394,770,1929,126.71,2,253.42
395,1694,233,74.93,1,74.93
396,1032,985,168.61,1,168.61
397,1202,1565,105.27,5,526.35
398,986,1621,496.93,5,2484.65
399,1348,653,337.86,7,2365.02
400,630,1456,87.64,4,350.56
401,190,137,334.99,5,1674.95
402,236,1564,89.09,2,178.18
403,1525,1983,423.26,1,423.26
404,89,1242,133.18,9,1198.6200000000001
405,1293,306,216.01,4,864.04
406,852,966,392.59,6,2355.54
407,1292,323,18.55,5,92.75
408,686,103,203.72,2,407.44
409,1385,1722,91.26,3,273.78000000000003
410,453,213,206.8,5,1034.0
411,1005,277,203.27,5,1016.35
412,642,1312,44.83,8,358.64
413,581,1984,254.02,6,1524.1200000000001
414,1773,138,363.8,4,1455.2
415,726,443,428.0,1,428.0
416,272,630,213.94,8,1711.52
417,1673,1293,374.21,5,1871.05
418,1155,1920,137.87,5,689.35
419,885,201,132.27,2,264.54
420,1624,1618,384.64,3,1153.92
421,1395,652,383.78,2,767.56
422,221,457,98.46,9,886.14
423,1325,211,386.59,5,1932.9499999999998
424,712,1880,87.09,1,87.09
425,516,1831,416.6,8,3332.8
426,1694,677,362.82,4,1451.28
427,702,893,256.09,5,1280.4499999999998
428,1317,1990,392.28,5,1961.3999999999999
429,1201,1542,335.36,4,1341.44
430,90,595,204.36,5,1021.8000000000001
431,837,293,321.31,1,321.31
432,1133,265,397.0,8,3176.0
433,1618,1831,124.7,4,498.8
434,1108,358,379.53,8,3036.24
435,46,1808,415.42,5,2077.1
436,764,1411,151.54,9,1363.86
437,1375,474,483.77,5,2418.85
438,1834,1674,129.93,3,389.79
439,973,1427,118.75,1,118.75
440,597,1408,205.82,4,823.28
441,1186,219,31.38,1,31.38
442,856,30,86.42,6,518.52
443,1756,555,47.72,5,238.6
444,998,771,460.35,7,3222.4500000000003
445,83,1849,424.54,6,2547.2400000000002
446,1805,54,233.47,9,2101.23
447,1158,322,75.02,2,150.04
448,1345,135,453.25,6,2719.5
449,817,1247,177.81,2,355.62
450,548,401,217.97,4,871.88
451,1817,1584,53.99,7,377.93
452,798,1169,258.82,3,776.46
453,742,1681,62.02,5,310.1
454,447,773,430.57,8,3444.56
455,1165,333,487.11,5,2435.55
456,1303,461,15.82,3,47.46
457,1668,957,394.79,1,394.79
458,1870,1442,357.7,1,357.7
459,476,310,196.11,3,588.33
460,720,1706,114.47,7,801.29
461,93,1825,369.32,5,1846.6
462,1898,826,82.71,9,744.39
463,1717,1761,302.1,8,2416.8
464,996,928,66.18,3,198.54000000000002
465,1972,1455,86.83,7,607.81
466,1996,1577,304.07,7,2128.49
467,1240,53,362.35,8,2898.8
468,1487,301,406.9,5,2034.5
469,481,1339,25.7,7,179.9
470,1417,368,398.81,1,398.81
471,1640,861,137.14,9,1234.2599999999998
472,1131,576,284.13,8,2273.04
473,979,1484,255.04,9,2295.36
474,1637,1449,237.74,2,475.48
475,1392,104,329.24,8,2633.92
476,299,820,306.49,3,919.47
477,39,1504,400.16,2,800.32
478,982,1190,488.19,3,1464.57
479,1967,273,246.44,3,739.3199999999999
480,1937,1973,331.45,2,662.9
481,1133,805,204.01,4,816.04
482,1271,128,387.42,2,774.84
483,799,1294,206.88,6,1241.28
484,1311,782,116.21,2,232.42
485,1978,1266,180.09,6,1080.54
486,182,1066,56.92,2,113.84
487,1531,446,211.8,9,1906.2
488,1995,65,416.98,6,2501.88
489,516,229,90.32,1,90.32
490,1061,773,239.05,7,1673.3500000000001
491,760,806,19.22,4,76.88
492,88,933,324.37,3,973.11
493,62,909,412.7,6,2476.2
494,440,321,378.92,4,1515.68
495,538,397,384.79,7,2693.53
496,1847,1780,435.16,7,3046.1200000000003
497,43,1308,118.01,2,236.02
498,1676,919,368.77,5,1843.85
499,804,395,413.95,9,3725.5499999999997
500,172,146,374.56,2,749.12
501,1064,1500,437.92,4,1751.68
502,655,202,221.21,7,1548.47
503,551,366,238.03,9,2142.27
504,1608,1442,485.84,6,2915.04
505,841,1985,144.14,2,288.28
506,1970,346,416.16,6,2496.96
507,1714,405,78.47,3,235.41
508,1768,1054,32.4,8,259.2
509,294,560,474.85,2,949.7
510,731,1766,497.29,4,1989.16
511,963,792,385.57,3,1156.71
512,149,506,437.02,4,1748.08
513,1591,1491,432.88,8,3463.04
514,1988,399,200.77,7,1405.39
515,1664,601,235.37,8,1882.96
516,1832,1191,256.34,5,1281.6999999999998
517,1495,998,481.96,9,4337.639999999999
518,1666,1158,236.92,8,1895.36
519,958,528,25.88,5,129.4
520,285,1318,434.66,3,1303.98
521,803,118,202.9,4,811.6
522,1174,1224,345.01,6,2070.06
523,850,1026,313.39,7,2193.73
524,126,1810,330.48,1,330.48
525,787,526,48.99,6,293.94
526,167,117,12.42,1,12.42
527,38,1744,115.74,3,347.21999999999997
528,315,1393,360.32,2,720.64
529,1186,777,27.63,5,138.15
530,1871,1593,226.64,8,1813.12
531,480,548,298.38,4,1193.52
532,986,4,256.54,9,2308.86
533,476,485,313.69,7,2195.83
534,948,1454,163.84,5,819.2
535,589,1175,200.17,1,200.17
536,1333,965,373.77,5,1868.85
537,675,882,330.52,1,330.52
538,1001,785,442.81,4,1771.24
539,575,552,309.46,2,618.92
540,1378,1626,53.33,6,319.98
541,211,175,231.97,2,463.94
542,854,860,300.58,7,2104.06
543,198,788,244.26,4,977.04
544,649,1279,175.63,6,1053.78
545,1723,272,51.42,6,308.52
546,299,585,182.05,1,182.05
547,801,638,452.99,8,3623.92
548,168,961,30.39,8,243.12
549,117,1489,136.77,3,410.31000000000006
550,1728,1471,24.68,4,98.72
551,1629,1702,14.59,2,29.18
552,1015,1442,31.66,4,126.64
553,271,1752,202.56,5,1012.8
554,522,681,33.18,6,199.07999999999998
555,1102,1572,57.4,8,459.2
556,702,238,178.81,9,1609.29
557,800,1925,51.0,7,357.0
558,1766,1929,436.97,8,3495.76
559,1579,1611,231.5,3,694.5
560,538,1380,412.01,1,412.01
561,1918,1249,427.94,3,1283.82
562,1340,322,126.03,5,630.15
563,207,880,38.17,3,114.51
564,407,297,139.85,2,279.7
565,1690,576,322.17,9,2899.53
566,688,54,204.02,1,204.02
567,1797,1229,17.84,4,71.36
568,697,972,304.84,5,1524.1999999999998
569,1819,114,248.27,5,1241.3500000000001
570,1489,1605,171.37,2,342.74
571,926,1195,496.45,2,992.9
572,1149,1202,323.38,7,2263.66
573,1677,1847,47.85,8,382.8
574,1853,1106,135.17,8,1081.36
575,1272,1574,306.99,3,920.97
576,452,1234,33.86,4,135.44
577,1332,1479,196.39,1,196.39
578,952,124,397.52,2,795.04
579,1844,1742,360.49,5,1802.45
580,515,151,209.17,4,836.68
581,109,1320,374.17,2,748.34
582,1033,1734,225.1,9,2025.8999999999999
583,1295,469,307.98,3,923.94
584,684,1050,325.26,2,650.52
585,329,1239,427.02,3,1281.06
586,240,1895,249.05,5,1245.25
587,1156,202,33.44,8,267.52
588,1192,1474,473.79,4,1895.16
589,996,954,62.32,8,498.56
590,1958,975,349.62,7,2447.34
591,358,1648,24.17,3,72.51
592,1614,436,239.35,2,478.7
593,17,867,30.2,2,60.4
594,1664,939,489.22,8,3913.76
595,518,1015,376.77,1,376.77
596,1356,200,323.26,3,969.78
597,360,235,427.91,8,3423.28
598,277,367,162.68,6,976.08
599,871,1527,163.31,5,816.55
600,537,685,116.68,2,233.36
601,558,263,29.85,3,89.55000000000001
602,1340,905,140.73,6,844.3799999999999
603,1087,1778,92.63,6,555.78
604,1378,194,39.68,8,317.44
605,711,1920,402.03,2,804.06
606,1464,1796,113.63,7,795.41
607,1873,1452,256.31,8,2050.48
608,588,1439,246.35,7,1724.45
609,15,1809,88.49,4,353.96
610,185,1675,357.52,8,2860.16
611,1317,1207,65.85,5,329.25
612,394,1879,293.11,2,586.22
613,507,31,115.79,2,231.58
614,1107,1563,112.58,3,337.74
615,1239,517,464.53,1,464.53
616,484,1068,412.32,1,412.32
617,542,1127,413.06,6,2478.36
618,800,338,172.87,4,691.48
619,1241,1731,199.4,7,1395.8
620,1964,206,221.32,5,1106.6
621,1730,904,132.59,5,662.95
622,1015,791,28.43,6,170.57999999999998
623,146,1972,156.72,1,156.72
624,944,1794,314.13,6,1884.78
625,1179,1125,375.47,8,3003.76
626,1981,1085,404.5,5,2022.5
627,734,419,404.27,6,2425.62
628,43,1330,97.82,3,293.46
629,1393,268,382.97,5,1914.8500000000001
630,77,1196,333.66,4,1334.64
631,1180,239,95.75,8,766.0
632,1186,256,292.13,7,2044.9099999999999
633,394,1885,322.9,6,1937.3999999999999
634,858,767,125.81,2,251.62
635,872,1090,241.86,1,241.86
636,518,1623,377.79,6,2266.7400000000002
637,1271,406,337.27,3,1011.81
638,1192,1616,417.3,6,2503.8
639,722,1788,317.45,5,1587.25
640,1445,1878,376.68,3,1130.04
641,1199,1408,434.46,1,434.46
642,535,1851,405.37,1,405.37
643,623,338,222.29,7,1556.03
644,1897,884,261.06,5,1305.3
645,778,1752,270.04,6,1620.2400000000002
646,1645,705,283.5,5,1417.5
647,719,1032,84.86,7,594.02
648,1820,972,122.81,2,245.62
649,845,901,243.26,2,486.52
650,715,225,43.59,5,217.95000000000002
651,1400,1558,67.46,6,404.76
652,1141,1201,14.41,3,43.230000000000004
653,200,300,371.39,2,742.78
654,690,691,43.88,6,263.28000000000003
655,1348,1477,440.23,1,440.23
656,735,135,68.28,1,68.28
657,707,1859,489.27,3,1467.81
658,1873,1109,318.45,4,1273.8
659,294,290,486.6,8,3892.8
660,1366,117,434.44,6,2606.64
661,560,910,172.97,4,691.88
662,84,869,215.95,1,215.95
663,631,831,151.28,5,756.4
664,1654,1110,496.76,5,2483.8
665,1617,69,190.67,8,1525.36
666,1480,1162,301.29,5,1506.45
667,1218,1730,68.95,7,482.65000000000003
668,1489,827,204.6,1,204.6
669,742,1887,24.57,6,147.42000000000002
670,887,125,22.6,5,113.0
671,141,174,204.63,6,1227.78
672,1000,1429,65.52,9,589.68
673,1870,1217,70.25,7,491.75
674,1504,955,417.98,7,2925.86
675,576,823,216.66,6,1299.96
676,1048,443,120.6,8,964.8
677,716,1236,269.94,6,1619.6399999999999
678,818,682,423.86,4,1695.44
679,1842,1590,307.64,1,307.64
680,645,1528,230.77,7,1615.39
681,1537,1779,109.59,8,876.72
682,1055,430,277.38,6,1664.28
683,30,1351,330.14,4,1320.56
684,545,1893,77.15,5,385.75
685,1849,1552,112.63,4,450.52
686,1752,1074,81.82,8,654.56
687,404,911,304.79,2,609.58
688,1995,948,50.6,1,50.6
689,1729,732,58.07,1,58.07
690,1079,1602,123.21,8,985.68
691,1507,1035,469.77,6,2818.62
692,177,862,449.33,4,1797.32
693,845,916,64.52,6,387.12
694,1650,1119,49.05,8,392.4
695,1744,1719,366.36,2,732.72
696,952,1589,173.92,4,695.68
697,1007,1942,401.47,7,2810.29
698,195,1726,174.92,9,1574.28
699,806,1795,153.83,1,153.83
700,1939,1683,213.6,9,1922.3999999999999
701,567,1793,485.2,4,1940.8
702,1711,1912,284.52,6,1707.12
703,368,822,59.49,3,178.47
704,465,1199,318.26,8,2546.08
705,928,1977,136.12,5,680.6
706,618,1765,25.43,9,228.87
707,59,1320,439.52,6,2637.12
708,1153,1322,92.96,8,743.68
709,1379,1600,77.89,2,155.78
710,568,734,428.91,2,857.82
711,1129,178,354.87,1,354.87
712,1652,1551,104.06,6,624.36
713,233,1643,382.9,6,2297.3999999999996
714,1060,849,32.09,8,256.72
715,510,92,224.3,5,1121.5
716,234,906,186.58,2,373.16
717,163,50,53.32,7,373.24
718,1819,1000,12.83,6,76.98
719,1693,219,279.52,4,1118.08
720,768,1704,259.84,7,1818.8799999999999
721,1500,1960,254.02,5,1270.1000000000001
722,1563,829,380.29,2,760.58
723,1164,1875,317.08,1,317.08
724,1551,1735,471.36,5,2356.8
725,224,413,414.09,5,2070.45
726,1328,1203,258.22,6,1549.3200000000002
727,1273,1518,482.3,8,3858.4
728,576,1209,65.41,9,588.6899999999999
729,458,734,134.39,6,806.3399999999999
730,1708,1439,455.19,3,1365.57
731,95,133,426.14,3,1278.42
732,942,882,208.75,7,1461.25
733,1629,1199,22.19,9,199.71
734,1700,332,150.16,1,150.16
735,1377,1490,319.92,9,2879.28
736,1145,814,227.64,4,910.56
737,1698,1686,416.19,6,2497.14
738,1264,1734,466.61,5,2333.05
739,1303,1045,255.32,1,255.32
740,1317,485,32.28,9,290.52
741,694,1582,370.73,5,1853.65
742,689,1146,81.82,2,163.64
743,1646,1333,473.49,6,2840.94
744,1890,1296,97.56,2,195.12
745,1638,1735,341.93,2,683.86
746,1233,1863,355.18,8,2841.44
747,1012,805,421.51,3,1264.53
748,1635,1665,355.82,6,2134.92
749,93,1684,97.98,5,489.90000000000003
750,1910,33,469.63,5,2348.15
751,986,1981,219.07,4,876.28
752,643,889,43.78,5,218.9
753,964,1652,59.09,4,236.36
754,316,523,400.01,4,1600.04
755,167,411,480.71,3,1442.1299999999999
756,1564,1035,58.95,6,353.70000000000005
757,1283,1973,418.1,8,3344.8
758,1299,1803,49.57,8,396.56
759,1174,1055,132.27,8,1058.16
760,20,358,32.14,2,64.28
761,242,1592,108.87,8,870.96
762,417,171,374.81,6,2248.86
763,922,1448,288.24,1,288.24
764,291,287,69.11,9,621.99
765,1090,931,296.25,6,1777.5
766,1702,354,79.9,1,79.9
767,868,1247,484.48,9,4360.32
768,1530,397,173.54,1,173.54
769,1858,254,102.51,6,615.0600000000001
770,1190,1021,58.44,3,175.32
771,1768,40,15.12,3,45.36
772,1682,553,40.19,4,160.76
773,1558,1387,446.38,9,4017.42
774,328,1956,136.48,1,136.48
775,932,1708,366.61,1,366.61
776,1838,1224,261.38,9,2352.42
777,1421,467,465.4,1,465.4
778,929,1270,58.56,7,409.92
779,199,1165,381.25,8,3050.0
780,1734,595,358.56,4,1434.24
781,253,1720,488.73,2,977.46
782,1631,661,493.2,1,493.2
783,1803,862,126.79,6,760.74
784,1928,1255,352.83,4,1411.32
785,1480,890,388.73,9,3498.57
786,1237,17,455.21,4,1820.84
787,1797,51,227.05,1,227.05
788,17,813,178.49,9,1606.41
789,1975,1885,392.51,7,2747.5699999999997
790,1928,870,366.53,6,2199.18
791,1956,1741,102.74,2,205.48
792,358,1240,261.03,2,522.06
793,221,635,327.24,3,981.72
794,1499,593,328.49,7,2299.4300000000003
795,1804,1893,239.03,4,956.12
796,1142,44,219.24,7,1534.68
797,739,497,447.23,4,1788.92
798,1609,742,376.25,7,2633.75
799,1400,1917,282.54,3,847.6200000000001
800,1741,87,235.65,5,1178.25
801,1490,1780,67.13,1,67.13
802,652,165,184.75,6,1108.5
803,559,156,292.33,2,584.66
804,260,605,347.54,4,1390.16
805,1192,1036,289.12,8,2312.96
806,531,1978,478.16,4,1912.64
807,315,1896,163.23,5,816.15
808,733,1366,60.2,6,361.20000000000005
809,26,1428,441.03,2,882.06
810,493,1749,188.45,3,565.3499999999999
811,1448,1827,440.81,3,1322.43
812,1554,1892,135.63,3,406.89
813,1597,199,460.23,4,1840.92
814,222,1544,199.7,9,1797.3
815,1063,1213,468.38,1,468.38
816,257,166,473.47,8,3787.76
817,1510,1792,411.37,5,2056.85
818,186,611,388.89,9,3500.0099999999998
819,1577,820,438.55,8,3508.4
820,1842,457,121.68,9,1095.1200000000001
821,1448,1581,57.57,5,287.85
822,833,1892,297.48,6,1784.88
823,554,620,438.8,6,2632.8
824,892,730,435.8,8,3486.4
825,989,1936,189.89,6,1139.34
826,1727,1967,214.09,9,1926.81
827,1191,1224,348.44,9,3135.96
828,859,1608,493.94,1,493.94
829,207,568,438.13,4,1752.52
830,381,226,415.92,1,415.92
831,1283,1525,253.13,7,1771.9099999999999
832,1663,587,312.54,6,1875.2400000000002
833,908,23,82.15,5,410.75
834,1545,1957,90.66,7,634.62
835,877,1046,368.11,8,2944.88
836,601,880,429.5,9,3865.5
837,576,1613,437.35,1,437.35
838,374,1741,419.24,2,838.48
839,786,192,240.97,4,963.88
840,841,98,166.01,8,1328.08
841,1241,1728,391.66,8,3133.28
842,864,1837,311.99,3,935.97
843,1000,875,108.4,6,650.4000000000001
844,1414,384,377.24,7,2640.6800000000003
845,1145,1779,31.47,1,31.47
846,17,1108,343.2,9,3088.7999999999997
847,1722,1532,205.6,5,1028.0
848,155,1960,174.71,5,873.5500000000001
849,1092,985,225.96,9,2033.64
850,1000,1398,231.12,6,1386.72
851,1484,537,113.37,6,680.22
852,950,1401,135.76,1,135.76
853,1785,1084,195.53,8,1564.24
854,585,1725,115.54,7,808.7800000000001
855,339,935,259.39,6,1556.34
856,953,1375,427.26,5,2136.3
857,1364,227,268.51,7,1879.57
858,1998,1959,481.46,2,962.92
859,1861,1332,396.56,5,1982.8
860,1821,675,419.47,7,2936.29
861,1464,896,305.01,8,2440.08
862,1216,128,14.74,1,14.74
863,1945,1633,194.54,4,778.16
864,525,87,359.43,3,1078.29
865,779,666,246.66,1,246.66
866,1074,883,315.73,9,2841.57
867,834,1327,334.65,5,1673.25
868,1740,701,483.76,5,2418.8
869,72,1790,178.04,4,712.16
870,1408,557,395.16,3,1185.48
871,314,1735,354.8,2,709.6
872,1691,340,424.78,4,1699.12
873,1823,897,339.31,4,1357.24
874,249,455,424.34,7,2970.3799999999997
875,116,1081,61.66,1,61.66
876,926,1494,331.26,4,1325.04
877,717,563,414.94,2,829.88
878,1933,1931,124.87,1,124.87
879,1883,1614,343.21,7,2402.47
880,835,184,327.69,6,1966.1399999999999
881,1348,1363,351.01,2,702.02
882,1799,1721,440.16,4,1760.64
883,1278,1031,118.05,8,944.4
884,662,1186,36.74,8,293.92
885,1553,273,156.09,9,1404.81
886,541,1965,73.03,1,73.03
887,753,1415,342.84,2,685.68
888,1389,912,390.0,1,390.0
889,499,1523,219.18,5,1095.9
890,1441,854,421.92,8,3375.36
891,1194,615,138.89,5,694.4499999999999
892,1482,1615,171.46,1,171.46
893,168,1849,205.37,6,1232.22
894,785,1649,324.01,2,648.02
895,28,501,343.38,8,2747.04
896,285,914,405.58,9,3650.22
897,356,1114,301.46,1,301.46
898,855,1687,494.72,5,2473.6000000000004
899,661,374,246.59,3,739.77
900,422,1675,158.63,5,793.15
901,176,1067,476.6,8,3812.8
902,737,1812,374.31,7,2620.17
903,393,1642,186.38,6,1118.28
904,499,413,427.1,2,854.2
905,234,1955,109.86,6,659.16
906,114,474,62.63,5,313.15000000000003
907,383,926,316.87,6,1901.22
908,172,1006,258.66,7,1810.6200000000001
909,608,1737,368.63,8,2949.04
910,461,1614,408.81,2,817.62
911,1267,146,454.19,3,1362.57
912,48,1941,85.19,1,85.19
913,1555,1326,494.97,4,1979.88
914,42,905,213.25,2,426.5
915,255,497,143.93,3,431.79
916,1992,1142,320.42,3,961.26
917,1523,1887,240.89,7,1686.23
918,632,1741,71.12,5,355.6
919,618,768,338.64,3,1015.92
920,510,810,277.81,7,1944.67
921,1774,107,318.79,8,2550.32
922,581,1281,185.68,7,1299.76
923,1457,1116,297.49,6,1784.94
924,1890,1627,137.59,4,550.36
925,453,182,295.22,3,885.6600000000001
926,580,487,243.69,6,1462.1399999999999
927,372,1552,426.67,6,2560.02
928,1500,1524,196.35,3,589.05
929,1123,529,32.21,8,257.68
930,1599,804,17.09,4,68.36
931,875,1570,256.49,8,2051.92
932,1182,60,291.95,2,583.9
933,532,61,338.95,7,2372.65
934,831,345,191.86,3,575.58
935,1150,1485,314.45,9,2830.0499999999997
936,152,86,356.44,6,2138.64
937,173,1757,155.19,8,1241.52
938,818,1508,345.69,3,1037.07
939,711,1362,496.73,6,2980.38
940,991,755,134.79,3,404.37
941,768,1014,240.56,1,240.56
942,1900,1046,159.2,7,1114.3999999999999
943,357,180,416.0,5,2080.0
944,1458,229,351.04,1,351.04
945,514,427,498.24,9,4484.16
946,236,134,137.46,3,412.38
947,467,1247,98.87,4,395.48
948,1280,1231,444.92,2,889.84
949,537,1031,62.56,5,312.8
950,1705,1283,410.2,5,2051.0
951,1088,157,42.65,9,383.84999999999997
952,1694,565,80.72,9,726.48
953,1136,1915,97.93,1,97.93
954,249,158,102.48,1,102.48
955,471,1979,197.97,8,1583.76
956,383,959,436.3,4,1745.2
957,1015,81,212.0,2,424.0
958,1301,1949,460.74,1,460.74
959,373,105,372.41,7,2606.8700000000003
960,65,1352,483.59,2,967.18
961,1572,1475,309.4,7,2165.7999999999997
962,1953,604,190.68,5,953.4000000000001
963,1819,842,452.0,2,904.0
964,332,1787,172.94,7,1210.58
965,885,525,494.8,1,494.8
966,661,1842,257.01,4,1028.04
967,571,332,479.98,5,2399.9
968,1143,1312,106.62,5,533.1
969,191,530,269.01,3,807.03
970,546,1637,469.41,3,1408.23
971,1452,1564,349.53,5,1747.6499999999999
972,284,746,471.85,8,3774.8
973,1375,1106,263.47,1,263.47
974,918,1358,244.57,9,2201.13
975,19,1169,246.81,8,1974.48
976,477,99,67.2,7,470.40000000000003
977,1198,545,495.96,2,991.92
978,940,203,474.56,7,3321.92
979,1741,919,78.34,7,548.38
980,228,417,433.27,5,2166.35
981,1317,708,38.63,2,77.26
982,1376,322,279.8,2,559.6
983,1848,705,233.77,8,1870.16
984,108,1288,26.23,2,52.46
985,1740,1674,152.28,7,1065.96
986,1298,746,223.72,3,671.16
987,1608,1981,183.54,2,367.08
988,432,81,138.39,4,553.56
989,347,1199,428.99,2,857.98
990,1308,1396,218.71,2,437.42
991,1248,1993,41.62,6,249.71999999999997
992,1816,767,49.62,1,49.62
993,633,1424,111.04,1,111.04
994,1772,555,396.08,1,396.08
995,1040,368,384.99,2,769.98
996,613,1017,483.0,1,483.0
997,628,1691,234.64,7,1642.48
998,211,1298,106.8,6,640.8
999,636,1084,447.77,7,3134.39
1000,349,348,495.79,9,4462.110000000001
1001,1371,929,458.03,4,1832.12
1002,926,850,191.9,5,959.5
1003,1229,856,498.91,4,1995.64
1004,1257,161,166.74,9,1500.66
1005,1744,1124,243.5,7,1704.5
1006,1719,1749,139.94,6,839.64
1007,293,995,383.96,2,767.92
1008,1707,1635,297.01,8,2376.08
1009,1022,229,485.39,3,1456.17
1010,1647,963,272.35,6,1634.1000000000001
1011,877,300,460.87,8,3686.96
1012,467,1288,458.94,6,2753.64
1013,1295,763,259.34,4,1037.36
1014,878,956,295.55,9,2659.9500000000003
1015,1513,867,492.97,8,3943.76
1016,1854,980,275.54,9,2479.86
1017,964,1495,231.58,9,2084.2200000000003
1018,808,157,59.69,2,119.38
1019,1067,686,372.89,2,745.78
1020,1109,166,469.46,4,1877.84
1021,1929,1835,360.19,6,2161.14
1022,1324,1238,280.38,7,1962.6599999999999
1023,1885,20,323.87,4,1295.48
1024,1644,364,27.98,5,139.9
1025,1535,1817,109.22,2,218.44
1026,1191,1939,458.14,5,2290.7
1027,1782,872,454.96,6,2729.7599999999998
1028,590,950,157.44,2,314.88
1029,889,1521,270.56,6,1623.3600000000001
1030,1800,623,478.24,1,478.24
1031,1696,843,81.34,5,406.70000000000005
1032,572,1079,66.62,2,133.24
1033,867,1639,161.93,5,809.6500000000001
1034,1934,1558,427.31,9,3845.79
1035,1864,1376,260.12,5,1300.6
1036,1791,1176,27.88,8,223.04
1037,270,563,271.14,4,1084.56
1038,1825,1441,248.58,4,994.32
1039,339,1377,287.94,1,287.94
1040,1039,391,489.48,2,978.96
1041,955,1741,229.05,8,1832.4
1042,1241,1679,283.34,9,2550.06
1043,428,1918,252.01,9,2268.09
1044,364,594,246.44,4,985.76
1045,1922,1059,268.42,2,536.84
1046,540,1989,287.72,6,1726.3200000000002
1047,54,784,137.97,4,551.88
1048,1914,598,16.01,9,144.09
1049,1417,1852,102.89,7,720.23
1050,461,1788,78.43,9,705.8700000000001
1051,1756,770,304.97,7,2134.79
1052,1804,592,394.73,2,789.46
1053,140,14,311.91,2,623.82
1054,1312,1362,383.83,8,3070.64
1055,1500,1163,287.56,6,1725.3600000000001
1056,961,37,428.19,5,2140.95
1057,1703,503,190.99,3,572.97
1058,660,1892,291.75,2,583.5
1059,1250,539,191.31,7,1339.17
1060,1484,409,215.43,9,1938.8700000000001
1061,1600,949,90.57,8,724.56
1062,697,824,469.15,3,1407.4499999999998
1063,1433,903,178.24,8,1425.92
1064,926,696,359.25,2,718.5
1065,1542,156,216.27,3,648.8100000000001
1066,1382,898,156.03,6,936.1800000000001
1067,686,778,278.49,2,556.98
1068,1612,1505,296.24,1,296.24
1069,592,1487,420.68,8,3365.44
1070,1485,427,470.77,8,3766.16
1071,1809,1435,219.86,1,219.86
1072,900,757,144.48,1,144.48
1073,773,636,244.05,4,976.2
1074,1243,1000,293.44,5,1467.2
1075,792,982,159.67,3,479.01
1076,1815,265,489.01,4,1956.04
1077,1021,495,221.48,9,1993.32
1078,973,1136,201.81,7,1412.67
1079,703,138,261.62,4,1046.48
1080,952,1587,373.81,9,3364.29
1081,313,392,45.4,2,90.8
1082,492,129,89.31,1,89.31
1083,1483,84,454.55,1,454.55
1084,912,624,449.19,6,2695.14
1085,1644,367,361.99,4,1447.96
1086,685,914,265.38,4,1061.52
1087,1756,783,31.91,4,127.64
1088,617,917,153.04,7,1071.28
1089,1423,893,285.75,8,2286.0
1090,1775,1132,70.32,3,210.95999999999998
1091,548,971,373.56,3,1120.68
1092,1725,935,429.93,9,3869.37
1093,898,1509,471.33,8,3770.64
1094,1788,1464,133.04,8,1064.32
1095,1989,74,429.84,5,2149.2
1096,523,47,86.98,2,173.96
1097,1393,1544,298.7,2,597.4
1098,1372,26,381.46,5,1907.3
1099,1638,428,228.03,4,912.12
1100,119,24,103.22,7,722.54
1101,969,686,328.33,7,2298.31
1102,1436,42,206.42,9,1857.78
1103,882,1282,266.12,3,798.36
1104,852,1954,85.97,3,257.90999999999997
1105,1949,1609,449.19,1,449.19
1106,961,527,156.5,9,1408.5
1107,370,1704,428.83,9,3859.47
1108,135,1007,232.78,6,1396.68
1109,1118,1118,289.38,1,289.38
1110,123,1491,49.21,2,98.42
1111,1582,400,300.48,8,2403.84
1112,504,499,79.06,8,632.48
1113,227,1426,75.92,7,531.44
1114,1769,365,37.32,1,37.32
1115,9,416,275.17,1,275.17
1116,739,741,197.75,7,1384.25
1117,759,1321,28.78,3,86.34
1118,710,646,374.7,7,2622.9
1119,870,63,127.48,5,637.4
1120,1640,338,296.7,6,1780.1999999999998
1121,429,1580,394.49,3,1183.47
1122,685,973,243.85,1,243.85
1123,1022,1390,90.37,2,180.74
1124,994,185,102.27,4,409.08
1125,1053,786,42.24,3,126.72
1126,1322,1867,383.43,1,383.43
1127,1947,469,351.26,1,351.26
1128,1739,1015,235.41,4,941.64
1129,1758,313,433.21,8,3465.68
1130,800,968,391.88,9,3526.92
1131,1263,1593,252.66,1,252.66
1132,747,197,256.9,6,1541.3999999999999
1133,513,946,423.1,1,423.1
1134,978,161,31.3,2,62.6
1135,1545,750,186.5,4,746.0
1136,211,90,30.08,4,120.32
1137,1709,34,148.2,7,1037.3999999999999
1138,1201,790,489.07,1,489.07
1139,496,518,376.52,9,3388.68
1140,1205,1260,254.29,8,2034.32
1141,81,430,28.08,9,252.71999999999997
1142,1597,1600,158.43,7,1109.01
1143,1756,564,192.48,5,962.4
1144,1328,771,11.31,1,11.31
1145,836,213,328.97,8,2631.76
1146,1183,838,451.44,5,2257.2
1147,1444,29,268.94,5,1344.7
1148,1479,913,459.12,5,2295.6
1149,1763,879,233.94,6,1403.6399999999999
1150,1989,676,475.0,7,3325.0
1151,1752,1046,226.19,6,1357.1399999999999
1152,1546,691,212.15,9,1909.3500000000001
1153,754,586,290.1,8,2320.8
1154,848,393,490.84,6,2945.04
1155,966,1718,222.76,6,1336.56
1156,855,1693,394.4,1,394.4
1157,880,285,92.4,3,277.20000000000005
1158,805,511,75.47,8,603.76
1159,660,1387,385.8,1,385.8
1160,115,31,367.27,4,1469.08
1161,1660,1445,312.81,6,1876.8600000000001
1162,367,231,236.75,8,1894.0
1163,1906,431,19.48,1,19.48
1164,587,1498,212.98,7,1490.86
1165,575,1971,13.04,9,117.35999999999999
1166,955,1140,452.97,9,4076.7300000000005
1167,1908,1452,140.86,8,1126.88
1168,779,783,472.74,4,1890.96
1169,420,203,216.2,9,1945.8
1170,159,488,199.3,7,1395.1000000000001
1171,985,1637,74.72,7,523.04
1172,795,567,442.35,6,2654.1000000000004
1173,415,1446,314.88,4,1259.52
1174,1382,1667,90.01,2,180.02
1175,1873,1115,237.75,2,475.5
1176,1645,247,384.64,3,1153.92
1177,564,362,165.18,3,495.54
1178,1145,749,202.43,7,1417.01
1179,801,808,398.19,3,1194.57
1180,1499,101,408.05,5,2040.25
1181,537,781,202.55,8,1620.4
1182,1999,1591,51.66,4,206.64
1183,1371,1648,471.07,2,942.14
1184,284,1356,66.75,9,600.75
1185,1253,1373,449.92,8,3599.36
1186,661,1212,63.73,6,382.38
1187,626,1231,229.03,3,687.09
1188,1780,1059,201.25,9,1811.25
1189,1925,212,362.64,8,2901.12
1190,1848,807,414.94,8,3319.52
1191,489,1185,42.82,6,256.92
1192,732,1895,457.37,9,4116.33
1193,728,169,128.16,6,768.96
1194,873,561,207.83,6,1246.98
1195,1717,1985,275.54,6,1653.2400000000002
1196,1170,1697,362.17,8,2897.36
1197,561,538,432.42,6,2594.52
1198,1067,1974,32.22,5,161.1
1199,284,468,133.54,6,801.24
1200,1669,1119,438.6,8,3508.8
1201,1113,135,247.44,9,2226.96
1202,81,1192,127.53,8,1020.24
1203,1250,1644,117.87,9,1060.83
1204,781,1880,25.53,3,76.59
1205,216,1079,485.05,4,1940.2
1206,1958,819,39.04,2,78.08
1207,440,77,431.23,9,3881.07
1208,1685,1917,164.1,7,1148.7
1209,474,905,297.51,9,2677.59
1210,795,721,312.6,7,2188.2000000000003
1211,1381,333,204.2,8,1633.6
1212,1297,433,489.23,3,1467.69
1213,1596,210,205.31,1,205.31
1214,1542,1690,315.57,6,1893.42
1215,823,1238,249.14,8,1993.12
1216,961,1207,459.64,8,3677.12
1217,94,1468,63.29,7,443.03
1218,409,441,293.03,1,293.03
1219,1942,354,56.85,1,56.85
1220,470,49,389.55,2,779.1
1221,1743,888,112.89,3,338.67
1222,1329,1560,151.34,3,454.02
1223,283,750,215.47,4,861.88
1224,932,612,222.58,3,667.74
1225,1198,1402,224.51,3,673.53
1226,964,360,139.23,7,974.6099999999999
1227,1982,1939,442.53,8,3540.24
1228,714,1071,139.45,7,976.1499999999999
1229,1610,1024,483.34,3,1450.02
1230,338,1527,140.54,8,1124.32
1231,1376,14,173.15,7,1212.05
1232,1549,753,296.6,1,296.6
1233,1420,1579,378.37,3,1135.1100000000001
1234,1609,1363,276.85,5,1384.25
1235,1997,1258,241.64,1,241.64
1236,1936,1153,318.11,4,1272.44
1237,378,1524,36.11,3,108.33
1238,1138,1264,331.77,5,1658.85
1239,1758,1353,378.87,9,3409.83
1240,1056,351,274.02,2,548.04
1241,760,538,365.65,1,365.65
1242,27,268,409.31,7,2865.17
1243,564,1370,401.75,3,1205.25
1244,626,1825,340.36,4,1361.44
1245,25,860,359.83,1,359.83
1246,2000,940,170.11,6,1020.6600000000001
1247,1396,1004,165.13,5,825.65
1248,7,778,340.08,5,1700.3999999999999
1249,1524,1170,304.16,9,2737.44
1250,1980,1394,423.49,5,2117.45
1251,1086,898,289.97,5,1449.8500000000001
1252,1988,978,406.69,5,2033.45
1253,253,1398,114.91,8,919.28
1254,1021,1178,143.46,4,573.84
1255,98,1408,452.77,1,452.77
1256,97,684,191.74,6,1150.44
1257,32,660,353.23,1,353.23
1258,137,1845,436.46,4,1745.84
1259,1677,1142,109.15,7,764.0500000000001
1260,1467,289,173.64,8,1389.12
1261,1812,1548,298.93,6,1793.58
1262,1276,1525,158.93,4,635.72
1263,1805,515,324.03,8,2592.24
1264,624,485,28.47,9,256.23
1265,1076,1257,364.4,2,728.8
1266,1921,30,394.22,5,1971.1000000000001
1267,126,1627,358.78,7,2511.46
1268,707,1244,218.89,4,875.56
1269,616,1609,415.91,7,2911.3700000000003
1270,1684,477,418.11,9,3762.9900000000002
1271,1824,583,111.28,1,111.28
1272,510,1276,301.75,2,603.5
1273,466,1987,459.81,6,2758.86
1274,1335,1434,29.73,4,118.92
1275,347,1089,21.76,1,21.76
1276,1071,1997,285.78,7,2000.4599999999998
1277,241,796,64.46,7,451.21999999999997
1278,132,1791,240.99,7,1686.93
1279,1407,210,234.37,2,468.74
1280,286,1841,58.19,9,523.71
1281,362,308,226.89,6,1361.34
1282,1703,1061,189.75,2,379.5
1283,1685,1587,242.78,5,1213.9
1284,1327,161,36.18,8,289.44
1285,579,1587,20.38,5,101.89999999999999
1286,1491,1204,458.1,2,916.2
1287,997,1634,50.17,2,100.34
1288,84,1561,68.52,1,68.52
1289,859,1610,434.77,4,1739.08
1290,1651,237,468.37,5,2341.85
1291,136,77,437.53,7,3062.71
1292,1608,621,319.58,5,1597.8999999999999
1293,1938,1255,371.04,9,3339.36
1294,1542,1480,285.92,2,571.84
1295,874,435,228.54,3,685.62
1296,1565,1185,457.3,8,3658.4
1297,1990,999,425.66,8,3405.28
1298,1604,1471,497.06,4,1988.24
1299,936,1549,360.42,4,1441.68
1300,1427,462,216.55,8,1732.4
1301,395,1016,203.27,2,406.54
1302,196,510,72.99,5,364.95
1303,606,1329,193.27,7,1352.89
1304,1284,1168,258.29,3,774.8700000000001
1305,111,1111,31.31,9,281.78999999999996
1306,160,44,51.48,6,308.88
1307,1747,1132,62.9,4,251.6
1308,411,688,357.21,9,3214.89
1309,1186,1916,487.28,3,1461.84
1310,98,19,293.89,3,881.67
1311,1858,567,314.16,2,628.32
1312,1272,1600,259.63,2,519.26
1313,1836,1300,178.44,3,535.3199999999999
1314,1897,1701,357.55,3,1072.65
1315,304,1388,78.57,4,314.28
1316,1295,1225,322.69,5,1613.45
1317,1724,1157,237.21,7,1660.47
1318,1334,1695,436.38,7,3054.66
1319,163,979,382.47,1,382.47
1320,1063,1896,149.4,4,597.6
1321,344,688,430.59,5,2152.95
1322,928,594,185.33,7,1297.3100000000002
1323,502,792,468.44,3,1405.32
1324,577,1864,170.81,6,1024.8600000000001
1325,886,14,99.96,2,199.92
1326,67,1661,413.92,2,827.84
1327,1041,359,366.4,3,1099.1999999999998
1328,135,726,199.67,9,1797.03
1329,625,482,227.14,7,1589.98
1330,1435,1421,428.03,3,1284.09
1331,1213,776,86.1,1,86.1
1332,1558,503,169.21,3,507.63
1333,931,62,297.73,9,2679.57
1334,1664,742,498.92,2,997.84
1335,1217,637,318.3,8,2546.4
1336,1246,1435,349.17,3,1047.51
1337,831,1828,409.55,7,2866.85
1338,448,1035,188.73,7,1321.11
1339,37,153,410.99,7,2876.9300000000003
1340,211,1413,244.96,4,979.84
1341,993,523,246.7,2,493.4
1342,1100,471,24.06,9,216.54
1343,1218,153,96.01,4,384.04
1344,309,1886,298.55,2,597.1
1345,1732,954,136.96,8,1095.68
1346,301,418,129.11,3,387.33000000000004
1347,1920,1643,33.99,9,305.91
1348,1903,1341,80.23,3,240.69
1349,706,1418,29.16,5,145.8
1350,274,1663,277.52,9,2497.68
1351,886,213,457.73,5,2288.65
1352,1717,282,436.43,9,3927.87
1353,59,1276,427.87,6,2567.2200000000003
1354,1211,1437,327.34,3,982.02
1355,1457,1942,335.22,5,1676.1000000000001
1356,83,616,303.48,7,2124.36
1357,618,1474,192.95,8,1543.6
1358,686,892,220.28,1,220.28
1359,1885,977,473.54,8,3788.32
1360,1391,1207,117.13,4,468.52
1361,1624,1504,444.77,1,444.77
1362,482,721,499.18,1,499.18
1363,1783,1474,291.9,2,583.8
1364,1121,323,58.82,1,58.82
1365,107,1602,254.66,8,2037.28
1366,933,270,68.73,8,549.84
1367,1198,1541,376.2,8,3009.6
1368,89,884,372.99,9,3356.91
1369,1065,1268,47.33,2,94.66
1370,1427,954,421.1,3,1263.3000000000002
1371,1349,1568,171.96,8,1375.68
1372,749,1720,407.89,2,815.78
1373,870,1086,311.26,3,933.78
1374,591,152,180.9,2,361.8
1375,1708,1145,168.81,8,1350.48
1376,1317,1169,232.64,8,1861.12
1377,1493,861,316.81,3,950.4300000000001
1378,1060,796,62.52,7,437.64000000000004
1379,982,309,409.62,3,1228.8600000000001
1380,1376,1877,164.48,4,657.92
1381,1803,1325,356.52,7,2495.64
1382,369,1227,240.29,1,240.29
1383,1679,1902,388.85,1,388.85
1384,592,654,450.51,3,1351.53
1385,1461,1436,282.9,6,1697.3999999999999
1386,1828,1910,427.31,7,2991.17
1387,16,1902,313.19,1,313.19
1388,1870,581,332.69,4,1330.76
1389,1148,464,249.62,2,499.24
1390,1776,393,320.91,2,641.82
1391,1300,1434,145.64,3,436.91999999999996
1392,415,984,354.87,2,709.74
1393,15,627,383.25,2,766.5
1394,411,271,251.45,3,754.3499999999999
1395,532,1653,368.41,5,1842.0500000000002
1396,1458,924,305.5,5,1527.5
1397,901,820,382.86,4,1531.44
1398,1957,1638,145.36,1,145.36
1399,445,257,495.86,7,3471.02
1400,1354,1418,100.61,8,804.88
1401,1439,155,478.7,8,3829.6
1402,1860,1068,70.31,4,281.24
1403,1148,1185,245.42,5,1227.1
1404,646,1406,99.7,2,199.4
1405,1472,1846,67.0,8,536.0
1406,979,1313,133.03,9,1197.27
1407,1792,886,166.95,9,1502.55
1408,78,302,459.63,1,459.63
1409,743,1583,71.1,8,568.8
1410,686,1422,314.12,3,942.36
1411,55,42,55.37,3,166.10999999999999
1412,662,1695,248.83,3,746.49
1413,1030,162,199.17,1,199.17
1414,565,837,336.66,8,2693.28
1415,971,1353,182.41,9,1641.69
1416,592,1688,316.03,3,948.0899999999999
1417,1223,812,131.61,9,1184.4900000000002
1418,511,452,134.85,5,674.25
1419,209,975,478.89,1,478.89
1420,1609,570,12.08,7,84.56
1421,1859,635,390.68,8,3125.44
1422,1463,1789,178.65,2,357.3
1423,1796,1434,494.66,3,1483.98
1424,218,1269,210.9,8,1687.2
1425,714,1845,421.4,5,2107.0
1426,739,1115,40.98,2,81.96
1427,1179,38,268.44,9,2415.96
1428,1768,1051,124.19,4,496.76
1429,1395,1501,74.39,5,371.95
1430,1334,507,499.04,1,499.04
1431,1521,907,305.66,4,1222.64
1432,909,1727,177.87,6,1067.22
1433,1045,1136,466.79,7,3267.53
1434,173,267,444.42,5,2222.1
1435,1758,242,241.97,1,241.97
1436,247,961,423.83,3,1271.49
1437,1201,301,333.07,3,999.21
1438,355,1514,75.16,4,300.64
1439,1186,911,434.22,1,434.22
1440,1777,1099,446.05,1,446.05
1441,1196,1405,156.5,4,626.0
1442,202,1570,190.57,6,1143.42
1443,1286,1187,38.2,6,229.20000000000002
1444,1935,1744,191.96,6,1151.76
1445,213,1649,23.12,7,161.84
1446,1611,518,38.77,7,271.39000000000004
1447,311,649,465.28,3,1395.84
1448,1933,1226,53.07,5,265.35
1449,828,94,227.21,1,227.21
1450,649,1898,214.17,5,1070.85
1451,748,1684,29.31,1,29.31
1452,1851,1103,453.78,5,2268.8999999999996
1453,1453,532,347.61,1,347.61
1454,1592,1885,429.8,5,2149.0
1455,863,1411,143.51,8,1148.08
1456,644,681,224.52,4,898.08
1457,1550,1279,281.02,5,1405.1
1458,576,432,373.56,8,2988.48
1459,1634,1578,189.96,1,189.96
1460,1525,322,186.18,8,1489.44
1461,123,1378,481.03,2,962.06
1462,432,1400,36.97,6,221.82
1463,205,317,93.83,9,844.47
1464,313,565,337.12,2,674.24
1465,1290,1653,42.31,4,169.24
1466,1691,443,106.69,4,426.76
1467,668,1071,84.34,4,337.36
1468,339,1419,448.96,1,448.96
1469,1870,1685,121.86,2,243.72
1470,35,516,223.14,4,892.56
1471,397,945,208.46,1,208.46
1472,1904,936,147.06,6,882.36
1473,1705,553,138.85,4,555.4
1474,65,839,282.13,9,2539.17
1475,1696,227,481.68,5,2408.4
1476,1463,1744,136.88,7,958.16
1477,30,763,375.0,8,3000.0
1478,1391,611,113.23,5,566.15
1479,1311,1838,375.85,7,2630.9500000000003
1480,140,1420,393.44,6,2360.64
1481,409,111,104.13,8,833.04
1482,46,556,304.15,3,912.4499999999999
1483,645,1530,17.0,9,153.0
1484,1266,281,148.14,7,1036.98
1485,1023,1386,57.88,5,289.40000000000003
1486,210,1172,69.83,8,558.64
1487,743,692,407.6,9,3668.4
1488,1532,1568,187.72,1,187.72
1489,83,512,50.64,4,202.56
1490,1706,79,110.05,7,770.35
1491,1550,1573,313.35,8,2506.8
1492,1223,254,312.53,3,937.5899999999999
1493,1839,243,31.95,6,191.7
1494,415,1644,241.76,6,1450.56
1495,606,1050,367.73,1,367.73
1496,496,1835,191.25,2,382.5
1497,555,1721,21.21,8,169.68
1498,255,1821,294.04,1,294.04
1499,1184,1812,395.87,4,1583.48
1500,646,908,321.2,1,321.2
1501,1130,1498,86.12,7,602.84
1502,284,1664,466.59,3,1399.77
1503,1844,1759,359.6,9,3236.4
1504,917,1713,33.53,1,33.53
1505,806,1318,118.85,5,594.25
1506,117,480,438.02,4,1752.08
1507,1468,534,415.67,1,415.67
1508,1572,290,329.54,1,329.54
1509,962,367,74.69,1,74.69
1510,200,595,377.33,5,1886.6499999999999
1511,835,1144,338.27,7,2367.89
1512,484,231,127.31,9,1145.79
1513,1674,1193,414.87,7,2904.09
1514,1922,902,88.08,6,528.48
1515,1021,961,486.82,4,1947.28
1516,772,1876,320.39,6,1922.34
1517,327,989,211.74,6,1270.44
1518,970,292,316.43,8,2531.44
1519,630,1709,374.23,9,3368.07
1520,1565,1399,414.07,1,414.07
1521,1805,690,295.41,1,295.41
1522,825,526,405.85,7,2840.9500000000003
1523,1285,1435,270.68,1,270.68
1524,1654,1046,148.75,3,446.25
1525,987,443,12.1,2,24.2
1526,203,997,96.62,6,579.72
1527,1210,436,473.41,1,473.41
1528,1249,1742,327.35,8,2618.8
1529,632,1682,287.15,7,2010.0499999999997
1530,794,517,418.87,5,2094.35
1531,637,604,482.49,3,1447.47
1532,876,144,51.02,6,306.12
1533,223,1579,302.8,2,605.6
1534,1250,1301,356.75,7,2497.25
1535,1440,1233,477.63,4,1910.52
1536,1913,1838,157.7,5,788.5
1537,1444,1853,124.6,6,747.5999999999999
1538,753,1915,213.18,5,1065.9
1539,443,761,97.89,6,587.34
1540,355,1520,348.57,4,1394.28
1541,1690,140,100.21,6,601.26
1542,322,921,410.57,4,1642.28
1543,10,1377,300.87,6,1805.22
1544,1347,1305,249.86,7,1749.02
1545,1823,1703,471.69,5,2358.45
1546,129,39,161.3,8,1290.4
1547,1546,1040,350.49,9,3154.41
1548,404,310,223.59,7,1565.13
1549,1995,1946,304.81,5,1524.05
1550,1467,1353,335.01,3,1005.03
1551,367,1742,101.47,8,811.76
1552,1349,1166,473.37,6,2840.2200000000003
1553,1618,519,324.96,9,2924.64
1554,1258,1781,418.26,6,2509.56
1555,179,534,348.06,6,2088.36
1556,1869,1377,64.49,7,451.42999999999995
1557,426,1199,442.32,9,3980.88
1558,707,1520,446.92,7,3128.44
1559,1390,1437,214.38,9,1929.42
1560,1523,1210,118.26,5,591.3000000000001
1561,741,1948,346.07,7,2422.49
1562,1021,1986,174.73,3,524.1899999999999
1563,848,1388,94.06,4,376.24
1564,291,365,95.65,1,95.65
1565,564,224,194.18,7,1359.26
1566,750,1610,379.35,4,1517.4
1567,527,518,344.63,5,1723.15
1568,798,1484,328.99,3,986.97
1569,1592,1801,295.88,4,1183.52
1570,345,465,211.61,4,846.44
1571,1451,1513,229.08,4,916.32
1572,1689,169,205.83,2,411.66
1573,201,1128,19.86,2,39.72
1574,1312,1547,209.4,9,1884.6000000000001
1575,49,1268,431.57,7,3020.99
1576,370,1033,245.89,4,983.56
1577,734,529,25.18,7,176.26
1578,1858,1994,30.77,6,184.62
1579,940,1235,349.41,2,698.82
1580,477,1132,102.5,7,717.5
1581,979,1783,260.98,3,782.94
1582,1385,1654,202.65,6,1215.9
1583,1258,1812,94.74,4,378.96
1584,675,1000,198.13,6,1188.78
1585,1485,745,335.29,4,1341.16
1586,646,856,321.66,5,1608.3000000000002
1587,1310,927,457.75,2,915.5
1588,788,1816,117.98,4,471.92
1589,792,621,464.97,2,929.94
1590,414,1091,419.04,1,419.04
1591,1586,934,424.07,8,3392.56
1592,1360,1678,251.82,7,1762.74
1593,1063,1591,325.83,2,651.66
1594,972,195,351.34,3,1054.02
1595,1147,1035,334.09,2,668.18
1596,726,1332,390.77,7,2735.39
1597,1709,1383,497.94,7,3485.58
1598,1796,1087,185.3,5,926.5
1599,1265,332,462.79,1,462.79
1600,1522,1256,182.65,3,547.95
1601,645,1422,408.68,6,2452.08
1602,1915,1436,186.81,9,1681.29
1603,841,1184,392.75,4,1571.0
1604,235,679,45.66,1,45.66
1605,1140,43,37.49,5,187.45000000000002
1606,950,1594,139.58,7,977.0600000000001
1607,468,207,475.48,7,3328.36
1608,899,1127,151.83,5,759.1500000000001
1609,938,248,231.28,1,231.28
1610,83,840,175.13,8,1401.04
1611,952,173,215.2,1,215.2
1612,162,606,483.29,1,483.29
1613,704,420,384.74,9,3462.66
1614,1405,1507,97.67,5,488.35
1615,313,397,128.11,2,256.22
1616,1484,1761,473.15,9,4258.349999999999
1617,823,871,245.07,5,1225.35
1618,514,11,323.61,9,2912.4900000000002
1619,574,520,122.21,4,488.84
1620,937,1325,467.05,3,1401.15
1621,1456,1746,308.58,1,308.58
1622,1836,1519,26.54,7,185.78
1623,1766,374,194.49,7,1361.43
1624,1264,156,241.42,6,1448.52
1625,113,746,258.08,9,2322.72
1626,840,1292,108.98,5,544.9
1627,1357,1371,417.04,6,2502.2400000000002
1628,1698,1607,391.4,8,3131.2
1629,1894,670,436.91,9,3932.19
1630,369,189,378.56,6,2271.36
1631,1449,485,142.17,9,1279.53
1632,1881,134,427.48,8,3419.84
1633,680,1936,186.48,4,745.92
1634,1986,928,262.27,8,2098.16
1635,906,511,210.4,8,1683.2
1636,1802,834,388.96,8,3111.68
1637,1651,1638,55.35,8,442.8
1638,1671,1208,12.97,6,77.82000000000001
1639,1286,104,412.6,4,1650.4
1640,1502,1052,444.11,4,1776.44
1641,348,559,147.0,1,147.0
1642,1567,754,211.26,2,422.52
1643,344,810,344.43,7,2411.01
1644,1831,1283,277.89,9,2501.0099999999998
1645,1821,264,109.0,6,654.0
1646,1943,1815,425.96,4,1703.84
1647,281,866,25.31,6,151.85999999999999
1648,56,1189,299.41,9,2694.69
1649,1155,889,59.6,6,357.6
1650,1210,18,192.39,7,1346.73
1651,73,675,479.66,9,4316.9400000000005
1652,413,1666,83.21,9,748.89
1653,563,1269,290.62,2,581.24
1654,250,1799,426.4,7,2984.7999999999997
1655,999,464,290.14,7,2030.98
1656,820,685,346.59,2,693.18
1657,545,1827,460.44,9,4143.96
1658,599,149,396.87,3,1190.6100000000001
1659,1346,1800,315.86,7,2211.02
1660,1895,42,282.1,3,846.3000000000001
1661,1394,1982,449.87,8,3598.96
1662,1978,201,250.87,5,1254.35
1663,670,1817,65.76,1,65.76
1664,436,1461,283.38,5,1416.9
1665,1639,1853,450.05,5,2250.25
1666,586,549,107.7,7,753.9
1667,1824,73,233.2,3,699.5999999999999
1668,525,1143,358.27,5,1791.35
1669,1167,505,354.85,1,354.85
1670,678,56,281.04,3,843.1200000000001
1671,158,1095,233.09,9,2097.81
1672,1737,1818,240.81,4,963.24
1673,102,1862,452.63,2,905.26
1674,1129,45,70.44,4,281.76
1675,1689,3,430.58,8,3444.64
1676,1161,1080,303.34,8,2426.72
1677,598,929,324.28,9,2918.5199999999995
1678,387,882,21.99,3,65.97
1679,715,786,38.31,9,344.79
1680,1251,1911,450.03,1,450.03
1681,172,1130,300.28,9,2702.5199999999995
1682,285,992,286.35,1,286.35
1683,979,922,10.02,6,60.12
1684,302,769,202.52,2,405.04
1685,241,1170,68.15,8,545.2
1686,1331,791,449.71,4,1798.84
1687,1120,461,122.42,2,244.84
1688,1008,691,423.28,4,1693.12
1689,890,1847,68.03,7,476.21000000000004
1690,1102,1470,215.82,8,1726.56
1691,990,1040,371.86,7,2603.02
1692,1208,1316,448.61,9,4037.4900000000002
1693,454,1573,492.13,4,1968.52
1694,1678,1166,310.17,1,310.17
1695,1240,324,212.26,4,849.04
1696,207,1532,34.25,4,137.0
1697,880,783,421.3,9,3791.7000000000003
1698,97,1331,319.91,6,1919.46
1699,854,1447,385.68,2,771.36
1700,30,103,299.1,2,598.2
1701,511,1431,95.15,9,856.35
1702,8,343,489.14,2,978.28
1703,1761,1975,28.47,8,227.76
1704,138,508,79.63,1,79.63
1705,1965,975,482.25,2,964.5
1706,796,1653,447.86,4,1791.44
1707,1010,1135,240.91,2,481.82
1708,1801,941,482.45,6,2894.7
1709,404,584,362.28,7,2535.96
1710,761,245,78.22,9,703.98
1711,1612,542,52.28,1,52.28
1712,519,311,301.7,5,1508.5
1713,2,660,385.38,5,1926.9
1714,1273,1833,106.82,3,320.46
1715,1507,338,190.3,9,1712.7
1716,1962,1578,492.52,7,3447.64
1717,617,1113,103.59,1,103.59
1718,947,1355,453.7,9,4083.2999999999997
1719,330,1193,419.25,1,419.25
1720,1983,667,302.74,3,908.22
1721,1142,871,127.16,1,127.16
1722,156,157,378.96,3,1136.8799999999999
1723,133,1094,177.45,4,709.8
1724,1786,510,240.4,8,1923.2
1725,1607,472,360.74,9,3246.66
1726,80,1762,496.63,4,1986.52
1727,1809,56,296.73,5,1483.65
1728,431,699,388.02,4,1552.08
1729,1714,818,150.07,4,600.28
1730,1843,153,450.58,1,450.58
1731,1985,1412,398.21,1,398.21
1732,1583,6,181.06,7,1267.42
1733,1574,1191,316.2,2,632.4
1734,100,1613,342.64,4,1370.56
1735,1808,923,251.63,1,251.63
1736,674,1315,315.37,9,2838.33
1737,1070,780,284.74,7,1993.18
1738,743,689,96.96,4,387.84
1739,1660,1815,54.82,4,219.28
1740,299,1291,415.11,1,415.11
1741,1701,79,39.81,5,199.05
1742,1594,1273,39.67,1,39.67
1743,1466,1276,224.65,9,2021.8500000000001
1744,1461,1501,124.19,3,372.57
1745,1637,314,166.99,8,1335.92
1746,995,103,326.54,1,326.54
1747,936,275,462.65,5,2313.25
1748,1326,582,328.91,9,2960.19
1749,1538,572,124.66,3,373.98
1750,267,1594,86.46,4,345.84
1751,1199,1644,166.44,9,1497.96
1752,211,1457,171.65,6,1029.9
1753,1184,1793,330.09,8,2640.72
1754,1830,458,258.46,9,2326.14
1755,326,682,98.69,9,888.21
1756,1140,1780,364.06,7,2548.42
1757,1495,1244,486.21,1,486.21
1758,1431,410,112.6,3,337.79999999999995
1759,1021,1049,181.7,1,181.7
1760,1283,680,194.05,4,776.2
1761,858,512,456.04,9,4104.360000000001
1762,643,629,197.37,5,986.85
1763,1516,313,297.14,2,594.28
1764,162,1340,134.26,3,402.78
1765,1546,569,425.86,4,1703.44
1766,1057,850,21.0,7,147.0
1767,1168,414,410.8,9,3697.2000000000003
1768,200,1560,119.49,4,477.96
1769,920,1145,177.37,1,177.37
1770,436,1950,419.36,7,2935.52
1771,448,15,189.94,6,1139.6399999999999
1772,1956,1713,302.08,6,1812.48
1773,1069,928,201.52,8,1612.16
1774,1778,645,496.94,1,496.94
1775,1821,332,226.65,3,679.95
1776,406,1258,494.57,7,3461.99
1777,1639,1721,384.77,1,384.77
1778,1499,1062,134.93,4,539.72
1779,170,839,348.23,6,2089.38
1780,963,883,414.74,3,1244.22
1781,1684,1902,120.56,7,843.9200000000001
1782,1237,563,61.46,9,553.14
1783,1144,364,192.86,9,1735.7400000000002
1784,276,1032,257.05,6,1542.3000000000002
1785,207,1954,185.69,4,742.76
1786,1200,1290,50.1,2,100.2
1787,1577,607,467.86,7,3275.02
1788,1618,1638,111.8,1,111.8
1789,381,1570,448.27,3,1344.81
1790,1583,890,475.26,9,4277.34
1791,1656,209,97.64,5,488.2
1792,507,936,337.54,4,1350.16
1793,182,1839,163.15,6,978.9000000000001
1794,1181,559,185.65,8,1485.2
1795,572,1371,430.4,2,860.8
1796,595,1766,219.4,2,438.8
1797,271,521,260.66,9,2345.94
1798,1751,62,257.4,1,257.4
1799,566,17,317.34,2,634.68
1800,15,1526,451.22,6,2707.32
1801,535,209,411.35,9,3702.15
1802,1935,274,186.01,9,1674.09
1803,1655,441,487.27,4,1949.08
1804,730,303,204.5,1,204.5
1805,378,1300,287.84,7,2014.8799999999999
1806,1216,1824,487.98,8,3903.84
1807,1343,319,281.11,9,2529.9900000000002
1808,1043,306,417.08,7,2919.56
1809,1024,1832,91.09,2,182.18
1810,1478,601,292.14,3,876.42
1811,1624,969,53.93,1,53.93
1812,793,1616,119.91,9,1079.19
1813,1498,126,294.86,8,2358.88
1814,1964,1881,317.84,6,1907.04
1815,441,1089,373.1,7,2611.7000000000003
1816,1742,1259,84.39,2,168.78
1817,1188,141,359.6,9,3236.4
1818,1978,1299,300.79,5,1503.95
1819,968,439,143.89,1,143.89
1820,10,1786,139.97,8,1119.76
1821,1496,764,280.37,2,560.74
1822,356,1150,195.95,3,587.8499999999999
1823,1743,838,155.84,7,1090.88
1824,1479,1001,323.97,8,2591.76
1825,1554,72,353.55,6,2121.3
1826,1629,716,30.58,1,30.58
1827,1652,500,291.43,8,2331.44
1828,1438,430,56.18,9,505.62
1829,592,499,10.0,7,70.0
1830,1667,670,493.56,2,987.12
1831,585,1187,444.31,5,2221.55
1832,1306,1082,128.81,5,644.05
1833,521,469,452.82,8,3622.56
1834,1402,276,336.11,4,1344.44
1835,917,1366,19.22,3,57.66
1836,1067,1365,113.91,6,683.46
1837,1094,237,367.59,5,1837.9499999999998
1838,1028,1340,498.2,3,1494.6
1839,125,82,222.82,4,891.28
1840,2000,1812,369.8,5,1849.0
1841,825,927,364.39,4,1457.56
1842,1038,1778,340.39,4,1361.56
1843,731,455,313.94,3,941.8199999999999
1844,1927,875,94.0,6,564.0
1845,340,916,190.26,7,1331.82
1846,1358,1217,413.19,4,1652.76
1847,1972,1364,476.87,1,476.87
1848,319,296,347.05,2,694.1
1849,1199,600,277.59,9,2498.31
1850,1971,1416,213.92,8,1711.36
1851,1278,375,331.05,9,2979.4500000000003
1852,986,57,414.65,3,1243.9499999999998
1853,1608,1332,313.95,7,2197.65
1854,1015,1392,299.99,6,1799.94
1855,959,1648,304.48,8,2435.84
1856,532,752,87.06,8,696.48
1857,41,147,307.36,3,922.08
1858,1827,1520,248.11,1,248.11
1859,1945,1700,27.56,8,220.48
1860,858,287,459.55,7,3216.85
1861,827,1963,146.76,9,1320.84
1862,8,249,319.44,8,2555.52
1863,1964,1753,353.28,5,1766.3999999999999
1864,142,17,326.88,5,1634.4
1865,1098,905,460.76,1,460.76
1866,1677,538,323.35,8,2586.8
1867,533,1668,180.68,2,361.36
1868,761,1038,196.68,2,393.36
1869,1854,968,91.9,4,367.6
1870,1142,1598,50.54,6,303.24
1871,662,1065,167.43,6,1004.58
1872,58,284,128.07,5,640.3499999999999
1873,1385,792,106.0,9,954.0
1874,608,383,109.26,2,218.52
1875,1066,1980,165.7,8,1325.6
1876,1663,175,411.31,5,2056.55
1877,1678,154,266.61,5,1333.0500000000002
1878,1480,1101,393.87,8,3150.96
1879,31,343,470.57,7,3293.99
1880,274,720,482.78,5,2413.8999999999996
1881,1779,1220,24.53,4,98.12
1882,1534,755,386.46,2,772.92
1883,1828,1950,263.46,1,263.46
1884,1388,1580,199.84,2,399.68
1885,1782,392,283.87,5,1419.35
1886,1795,427,393.43,6,2360.58
1887,1166,564,237.95,9,2141.5499999999997
1888,1212,1710,444.86,8,3558.88
1889,1490,1657,311.65,5,1558.25
1890,1175,580,97.8,8,782.4
1891,1817,1711,277.6,1,277.6
1892,1608,751,460.89,1,460.89
1893,1375,1422,210.95,5,1054.75
1894,808,1927,407.38,5,2036.9
1895,799,534,164.02,7,1148.14
1896,1786,1274,211.98,5,1059.8999999999999
1897,1056,1744,304.99,4,1219.96
1898,94,1142,329.92,4,1319.68
1899,80,682,76.8,3,230.39999999999998
1900,930,1280,307.82,6,1846.92
1901,712,826,486.64,4,1946.56
1902,1349,1755,103.96,6,623.76
1903,281,1692,360.89,4,1443.56
1904,131,1115,273.13,7,1911.9099999999999
1905,932,192,279.54,4,1118.16
1906,1654,639,474.98,2,949.96
1907,116,1070,49.34,9,444.06000000000006
1908,501,735,80.45,6,482.70000000000005
1909,284,687,283.34,1,283.34
1910,1433,1720,85.0,3,255.0
1911,1104,1742,388.44,1,388.44
1912,953,490,54.93,5,274.65
1913,652,1868,248.76,1,248.76
1914,1079,1281,492.47,3,1477.41
1915,1095,1941,285.85,6,1715.1000000000001
1916,477,164,267.64,5,1338.1999999999998
1917,1549,1989,79.36,8,634.88
1918,10,1376,407.56,1,407.56
1919,483,1038,369.17,3,1107.51
1920,172,992,493.61,5,2468.05
1921,785,1520,308.13,4,1232.52
1922,1885,1904,430.8,6,2584.8
1923,1440,679,66.22,9,595.98
1924,1428,1887,174.05,3,522.1500000000001
1925,1309,1796,168.11,1,168.11
1926,693,803,107.68,3,323.04
1927,1401,1535,71.76,9,645.84
1928,453,623,155.84,2,311.68
1929,1404,510,233.28,9,2099.52
1930,1302,1424,204.64,3,613.92
1931,1951,1552,26.37,7,184.59
1932,606,319,26.97,6,161.82
1933,1467,1629,428.66,4,1714.64
1934,1844,1002,220.87,2,441.74
1935,455,883,232.49,7,1627.43
1936,753,995,217.03,7,1519.21
1937,866,1863,363.89,5,1819.4499999999998
1938,662,416,451.69,4,1806.76
1939,985,726,352.45,9,3172.0499999999997
1940,1381,265,66.44,1,66.44
1941,602,804,236.26,7,1653.82
1942,625,180,492.02,4,1968.08
1943,1369,265,146.44,6,878.64
1944,956,1662,442.69,9,3984.21
1945,418,1387,122.87,1,122.87
1946,1338,1383,155.25,5,776.25
1947,663,1956,226.16,5,1130.8
1948,82,879,33.96,7,237.72
1949,1808,1943,427.0,2,854.0
1950,1605,616,305.9,1,305.9
1951,553,1738,415.7,2,831.4
1952,125,139,350.09,8,2800.72
1953,1287,1851,142.35,3,427.04999999999995
1954,1879,117,119.22,9,1072.98
1955,1728,1976,202.35,2,404.7
1956,190,1841,391.79,1,391.79
1957,1557,268,14.98,7,104.86
1958,874,221,405.75,2,811.5
1959,135,868,16.19,1,16.19
1960,1875,62,195.69,9,1761.21
1961,1257,1979,69.37,6,416.22
1962,728,852,316.8,8,2534.4
1963,1860,1684,153.99,1,153.99
1964,421,1131,431.47,2,862.94
1965,1420,1650,383.65,8,3069.2
1966,1689,1062,12.38,4,49.52
1967,353,1131,204.09,9,1836.81
1968,727,1965,50.44,6,302.64
1969,835,1343,426.78,8,3414.24
1970,1552,962,10.83,6,64.98
1971,1473,1127,318.95,4,1275.8
1972,1440,723,189.88,5,949.4
1973,740,447,378.32,3,1134.96
1974,120,1045,442.05,4,1768.2
1975,830,841,102.08,3,306.24
1976,1675,1947,356.2,7,2493.4
1977,1972,1753,200.79,4,803.16
1978,1508,981,354.38,5,1771.9
1979,1623,1769,309.34,7,2165.3799999999997
1980,1169,1949,117.95,4,471.8
1981,697,1504,352.58,3,1057.74
1982,803,1150,311.56,9,2804.04
1983,928,1054,435.0,4,1740.0
1984,1641,1789,239.83,7,1678.8100000000002
1985,536,1231,355.13,4,1420.52
1986,129,1794,107.68,1,107.68
1987,1873,1579,133.72,6,802.3199999999999
1988,738,234,48.81,6,292.86
1989,533,487,427.16,3,1281.48
1990,1946,1717,439.91,8,3519.28
1991,1279,1865,413.83,5,2069.15
1992,1378,265,459.61,6,2757.66
1993,963,151,57.38,7,401.66
1994,547,9,61.39,9,552.51
1995,116,315,475.44,4,1901.76
1996,990,1233,208.8,9,1879.2
1997,105,372,464.44,3,1393.32
1998,19,211,48.21,3,144.63
1999,1237,201,205.16,5,1025.8
2000,1306,1459,432.54,7,3027.78
